Date,Open,High,Low,Close,Currency
2013-07-18,6.1352,6.1443,6.1352,6.1405,CNH
2013-07-19,6.139,6.1443,6.133,6.1346,CNH
2013-07-22,6.134,6.139,6.132,6.1355,CNH
2013-07-23,6.1348,6.1389,6.1329,6.1344,CNH
2013-07-24,6.1334,6.1367,6.1322,6.1352,CNH
2013-07-25,6.1342,6.1385,6.1333,6.1361,CNH
2013-07-26,6.1355,6.1364,6.1322,6.1357,CNH
2013-07-29,6.134,6.1375,6.132,6.1348,CNH
2013-07-30,6.1333,6.1391,6.1315,6.135,CNH
2013-07-31,6.134,6.1372,6.1308,6.1323,CNH
2013-08-01,6.1309,6.1339,6.1278,6.1338,CNH
2013-08-02,6.1331,6.134,6.1268,6.1295,CNH
2013-08-05,6.128,6.129,6.1192,6.122,CNH
2013-08-06,6.121,6.1241,6.1165,6.1195,CNH
2013-08-07,6.119,6.1217,6.1155,6.1178,CNH
2013-08-08,6.117,6.1191,6.1109,6.1135,CNH
2013-08-09,6.1115,6.1198,6.1113,6.1192,CNH
2013-08-12,6.118,6.122,6.116,6.118,CNH
2013-08-13,6.117,6.1238,6.1159,6.119,CNH
2013-08-14,6.118,6.122,6.1138,6.1162,CNH
2013-08-15,6.1141,6.1162,6.107,6.109,CNH
2013-08-16,6.1075,6.1101,6.105,6.1098,CNH
2013-08-19,6.1095,6.1185,6.1073,6.1167,CNH
2013-08-20,6.1153,6.1222,6.1108,6.1147,CNH
2013-08-21,6.113,6.1208,6.112,6.119,CNH
2013-08-22,6.1175,6.1215,6.1127,6.1155,CNH
2013-08-23,6.1145,6.1184,6.1094,6.1114,CNH
2013-08-26,6.111,6.1163,6.11,6.113,CNH
2013-08-27,6.111,6.1174,6.1105,6.1161,CNH
2013-08-28,6.115,6.1205,6.1124,6.1166,CNH
2013-08-29,6.1151,6.119,6.1143,6.1181,CNH
2013-08-30,6.1169,6.1193,6.1142,6.1165,CNH
2013-09-02,6.1153,6.1182,6.1119,6.1142,CNH
2013-09-03,6.1132,6.1163,6.112,6.115,CNH
2013-09-04,6.1135,6.1181,6.1106,6.1129,CNH
2013-09-05,6.112,6.1162,6.1105,6.1152,CNH
2013-09-06,6.1125,6.1173,6.1102,6.114,CNH
2013-09-09,6.1108,6.1143,6.105,6.1067,CNH
2013-09-10,6.1055,6.1135,6.1049,6.1102,CNH
2013-09-11,6.1095,6.1152,6.1069,6.1087,CNH
2013-09-12,6.1078,6.1116,6.1059,6.1086,CNH
2013-09-13,6.1079,6.1151,6.1069,6.1129,CNH
2013-09-16,6.111,6.1142,6.1059,6.109,CNH
2013-09-17,6.1093,6.1143,6.1074,6.1093,CNH
2013-09-18,6.1082,6.1123,6.1032,6.1057,CNH
2013-09-19,6.1052,6.1112,6.103,6.1103,CNH
2013-09-20,6.1075,6.1117,6.1073,6.111,CNH
2013-09-23,6.109,6.115,6.1048,6.1123,CNH
2013-09-24,6.1109,6.1201,6.1104,6.1181,CNH
2013-09-25,6.1173,6.1204,6.1145,6.1179,CNH
2013-09-26,6.1163,6.12,6.1143,6.1188,CNH
2013-09-27,6.1183,6.1221,6.1146,6.1168,CNH
2013-09-30,6.116,6.1196,6.1147,6.1168,CNH
2013-10-01,6.1153,6.1188,6.1124,6.1145,CNH
2013-10-02,6.1138,6.1167,6.1095,6.1115,CNH
2013-10-03,6.1103,6.113,6.1064,6.1079,CNH
2013-10-04,6.1075,6.1108,6.1044,6.1072,CNH
2013-10-07,6.1064,6.1112,6.1055,6.1098,CNH
2013-10-08,6.1088,6.1138,6.1065,6.1115,CNH
2013-10-09,6.1104,6.1136,6.109,6.1129,CNH
2013-10-10,6.1123,6.1159,6.1027,6.1052,CNH
2013-10-11,6.1046,6.11,6.1023,6.1065,CNH
2013-10-14,6.1042,6.111,6.0992,6.102,CNH
2013-10-15,6.1003,6.1039,6.0945,6.0968,CNH
2013-10-16,6.0964,6.101,6.0916,6.0965,CNH
2013-10-17,6.0958,6.1,6.0888,6.091,CNH
2013-10-18,6.0899,6.0925,6.0855,6.0899,CNH
2013-10-21,6.0885,6.092,6.0853,6.0872,CNH
2013-10-22,6.0863,6.0926,6.0817,6.0832,CNH
2013-10-23,6.0823,6.0874,6.08,6.0857,CNH
2013-10-24,6.0838,6.0854,6.0751,6.0766,CNH
2013-10-25,6.0759,6.0789,6.0726,6.0747,CNH
2013-10-28,6.073,6.0774,6.0715,6.0736,CNH
2013-10-29,6.0731,6.0819,6.0725,6.0807,CNH
2013-10-30,6.0799,6.0856,6.0788,6.083,CNH
2013-10-31,6.081,6.0934,6.0808,6.0912,CNH
2013-11-01,6.091,6.0929,6.0845,6.0862,CNH
2013-11-04,6.085,6.0922,6.0844,6.0867,CNH
2013-11-05,6.0858,6.089,6.083,6.0875,CNH
2013-11-06,6.086,6.0895,6.0812,6.0836,CNH
2013-11-07,6.082,6.0903,6.0798,6.0855,CNH
2013-11-08,6.0838,6.0876,6.0764,6.0799,CNH
2013-11-11,6.079,6.0827,6.0763,6.0794,CNH
2013-11-12,6.0789,6.0806,6.0755,6.0765,CNH
2013-11-13,6.0782,6.0823,6.0742,6.0763,CNH
2013-11-14,6.0755,6.0805,6.0739,6.0779,CNH
2013-11-15,6.0762,6.0796,6.0728,6.074,CNH
2013-11-18,6.0728,6.076,6.0673,6.07,CNH
2013-11-19,6.068,6.0716,6.0575,6.0625,CNH
2013-11-20,6.0617,6.0708,6.0592,6.0693,CNH
2013-11-21,6.0678,6.074,6.0655,6.0708,CNH
2013-11-22,6.0693,6.0777,6.0688,6.0743,CNH
2013-11-25,6.0738,6.0828,6.0713,6.0785,CNH
2013-11-26,6.077,6.0827,6.0765,6.0809,CNH
2013-11-27,6.0795,6.0887,6.0775,6.086,CNH
2013-11-28,6.0854,6.089,6.0815,6.0875,CNH
2013-11-29,6.085,6.0911,6.0833,6.0853,CNH
2013-12-02,6.084,6.0885,6.0828,6.0861,CNH
2013-12-03,6.0847,6.0888,6.0815,6.0838,CNH
2013-12-04,6.0823,6.0864,6.0775,6.0793,CNH
2013-12-05,6.0783,6.0845,6.0763,6.0778,CNH
2013-12-06,6.0765,6.0794,6.0659,6.0677,CNH
2013-12-09,6.067,6.0685,6.0583,6.0637,CNH
2013-12-10,6.0633,6.0678,6.0614,6.0655,CNH
2013-12-11,6.0637,6.0775,6.0633,6.0762,CNH
2013-12-12,6.0752,6.0804,6.0719,6.0752,CNH
2013-12-13,6.0742,6.0785,6.0705,6.0739,CNH
2013-12-16,6.0731,6.0746,6.0686,6.0704,CNH
2013-12-17,6.0695,6.0752,6.0673,6.0708,CNH
2013-12-18,6.0692,6.0755,6.0684,6.0723,CNH
2013-12-19,6.071,6.0776,6.0705,6.0743,CNH
2013-12-20,6.0738,6.0768,6.0666,6.0686,CNH
2013-12-23,6.068,6.0726,6.0655,6.0714,CNH
2013-12-24,6.0704,6.0756,6.0681,6.074,CNH
2013-12-25,6.072,6.0743,6.07,6.0723,CNH
2013-12-26,6.0705,6.0765,6.0705,6.0755,CNH
2013-12-27,6.0744,6.0771,6.0684,6.0715,CNH
2013-12-30,6.0709,6.0743,6.0645,6.067,CNH
2013-12-31,6.066,6.0673,6.054,6.0565,CNH
2014-01-01,6.056,6.0575,6.0555,6.0565,CNH
2014-01-02,6.056,6.0567,6.0435,6.0515,CNH
2014-01-03,6.0508,6.0541,6.0439,6.0477,CNH
2014-01-06,6.046,6.0498,6.0415,6.0442,CNH
2014-01-07,6.0436,6.0463,6.0355,6.0394,CNH
2014-01-08,6.0382,6.0411,6.0305,6.0392,CNH
2014-01-09,6.0375,6.0435,6.036,6.0396,CNH
2014-01-10,6.038,6.0419,6.0312,6.0332,CNH
2014-01-13,6.032,6.0335,6.0244,6.0297,CNH
2014-01-14,6.0293,6.0301,6.015,6.0193,CNH
2014-01-15,6.0185,6.0252,6.015,6.0225,CNH
2014-01-16,6.022,6.027,6.021,6.0251,CNH
2014-01-17,6.0244,6.0251,6.0197,6.0228,CNH
2014-01-20,6.022,6.0258,6.0178,6.0195,CNH
2014-01-21,6.0188,6.035,6.0178,6.0321,CNH
2014-01-22,6.0316,6.0329,6.0254,6.0297,CNH
2014-01-23,6.0283,6.0393,6.0279,6.0381,CNH
2014-01-24,6.0371,6.0469,6.0315,6.0409,CNH
2014-01-27,6.04,6.0437,6.035,6.0378,CNH
2014-01-28,6.0368,6.0382,6.0265,6.0301,CNH
2014-01-29,6.0292,6.0354,6.0256,6.0308,CNH
2014-01-30,6.0293,6.0398,6.028,6.0347,CNH
2014-01-31,6.0335,6.0393,6.0328,6.0354,CNH
2014-02-03,6.0338,6.0373,6.0309,6.0334,CNH
2014-02-04,6.0324,6.0357,6.0255,6.0278,CNH
2014-02-05,6.0271,6.0293,6.0237,6.0275,CNH
2014-02-06,6.027,6.0293,6.0235,6.0258,CNH
2014-02-07,6.024,6.034,6.0229,6.0274,CNH
2014-02-10,6.0258,6.0381,6.0253,6.0357,CNH
2014-02-11,6.0351,6.0401,6.033,6.0358,CNH
2014-02-12,6.0345,6.042,6.034,6.0367,CNH
2014-02-13,6.035,6.0453,6.035,6.0399,CNH
2014-02-14,6.0385,6.0426,6.0323,6.0351,CNH
2014-02-17,6.034,6.0388,6.0315,6.0351,CNH
2014-02-18,6.034,6.0395,6.0332,6.0378,CNH
2014-02-19,6.0372,6.051,6.0354,6.0498,CNH
2014-02-20,6.0486,6.0749,6.0479,6.0718,CNH
2014-02-21,6.0708,6.1178,6.0665,6.0912,CNH
2014-02-24,6.102,6.1059,6.0885,6.0968,CNH
2014-02-25,6.0949,6.1296,6.092,6.1165,CNH
2014-02-26,6.1151,6.1326,6.1075,6.1185,CNH
2014-02-27,6.1168,6.1246,6.0964,6.1002,CNH
2014-02-28,6.0988,6.1327,6.0978,6.1197,CNH
2014-03-03,6.119,6.1296,6.1175,6.1266,CNH
2014-03-04,6.1262,6.1331,6.124,6.1311,CNH
2014-03-05,6.1308,6.1378,6.1195,6.121,CNH
2014-03-06,6.1213,6.1258,6.0965,6.1007,CNH
2014-03-07,6.1,6.1125,6.0925,6.11,CNH
2014-03-10,6.1183,6.1385,6.1155,6.1367,CNH
2014-03-11,6.136,6.145,6.1243,6.141,CNH
2014-03-12,6.14,6.1513,6.1365,6.1414,CNH
2014-03-13,6.14,6.1435,6.1309,6.14,CNH
2014-03-14,6.1415,6.1571,6.138,6.154,CNH
2014-03-17,6.1529,6.1703,6.1524,6.1595,CNH
2014-03-18,6.1581,6.1857,6.1575,6.1775,CNH
2014-03-19,6.1768,6.2004,6.1768,6.1885,CNH
2014-03-20,6.1926,6.2126,6.1918,6.2068,CNH
2014-03-21,6.205,6.2113,6.1929,6.1965,CNH
2014-03-24,6.195,6.2011,6.1791,6.181,CNH
2014-03-25,6.1799,6.1924,6.1705,6.1852,CNH
2014-03-26,6.1831,6.2061,6.1822,6.2027,CNH
2014-03-27,6.202,6.215,6.201,6.208,CNH
2014-03-28,6.2073,6.2123,6.2015,6.2032,CNH
2014-03-31,6.202,6.2195,6.202,6.2153,CNH
2014-04-01,6.2136,6.2175,6.201,6.2055,CNH
2014-04-02,6.2048,6.2073,6.1953,6.2043,CNH
2014-04-03,6.2038,6.218,6.2008,6.2155,CNH
2014-04-04,6.2138,6.2232,6.2125,6.216,CNH
2014-04-07,6.215,6.2164,6.2084,6.2102,CNH
2014-04-08,6.2086,6.2127,6.1887,6.1917,CNH
2014-04-09,6.1908,6.2012,6.185,6.1913,CNH
2014-04-10,6.1903,6.2111,6.1897,6.2107,CNH
2014-04-11,6.21,6.2157,6.206,6.21,CNH
2014-04-14,6.2084,6.2248,6.2079,6.2231,CNH
2014-04-15,6.2226,6.2324,6.2208,6.2248,CNH
2014-04-16,6.2229,6.2291,6.2225,6.2252,CNH
2014-04-17,6.2243,6.2254,6.2154,6.2238,CNH
2014-04-18,6.2232,6.2271,6.2195,6.2238,CNH
2014-04-21,6.222,6.233,6.221,6.2285,CNH
2014-04-22,6.2274,6.2398,6.2262,6.2378,CNH
2014-04-23,6.2368,6.2473,6.2345,6.2385,CNH
2014-04-24,6.2383,6.2569,6.235,6.2523,CNH
2014-04-25,6.2513,6.263,6.248,6.2577,CNH
2014-04-28,6.2562,6.2595,6.25,6.2515,CNH
2014-04-29,6.251,6.2598,6.2502,6.2587,CNH
2014-04-30,6.2574,6.2729,6.2503,6.2525,CNH
2014-05-01,6.2508,6.2588,6.248,6.2526,CNH
2014-05-02,6.2525,6.2583,6.2518,6.2545,CNH
2014-05-05,6.2533,6.258,6.2409,6.2435,CNH
2014-05-06,6.2424,6.2482,6.22,6.2221,CNH
2014-05-07,6.2216,6.2401,6.2199,6.234,CNH
2014-05-08,6.2335,6.2409,6.223,6.2322,CNH
2014-05-09,6.2305,6.2364,6.2275,6.2351,CNH
2014-05-12,6.2323,6.2445,6.232,6.2425,CNH
2014-05-13,6.2415,6.247,6.2335,6.2355,CNH
2014-05-14,6.2349,6.2403,6.2235,6.2263,CNH
2014-05-15,6.2254,6.2355,6.223,6.2306,CNH
2014-05-16,6.229,6.2382,6.2265,6.2326,CNH
2014-05-19,6.232,6.2431,6.2308,6.2375,CNH
2014-05-20,6.2355,6.2404,6.2348,6.2372,CNH
2014-05-21,6.2363,6.239,6.231,6.2329,CNH
2014-05-22,6.2329,6.2373,6.2297,6.2326,CNH
2014-05-23,6.2311,6.2386,6.2295,6.2348,CNH
2014-05-26,6.2336,6.2385,6.2325,6.2365,CNH
2014-05-27,6.2358,6.2581,6.2335,6.2549,CNH
2014-05-28,6.2529,6.2724,6.2521,6.2645,CNH
2014-05-29,6.2628,6.2683,6.2443,6.2471,CNH
2014-05-30,6.2465,6.2518,6.24,6.2475,CNH
2014-06-02,6.2458,6.2565,6.2454,6.2558,CNH
2014-06-03,6.2548,6.257,6.2455,6.2508,CNH
2014-06-04,6.2491,6.2595,6.2475,6.2542,CNH
2014-06-05,6.2525,6.2642,6.2525,6.2544,CNH
2014-06-06,6.2535,6.2556,6.2418,6.2447,CNH
2014-06-09,6.2438,6.2469,6.2252,6.2276,CNH
2014-06-10,6.2264,6.2314,6.2137,6.2157,CNH
2014-06-11,6.2151,6.2288,6.214,6.222,CNH
2014-06-12,6.2203,6.2278,6.2103,6.2124,CNH
2014-06-13,6.2112,6.2185,6.2035,6.2121,CNH
2014-06-16,6.2115,6.2249,6.207,6.2195,CNH
2014-06-17,6.2185,6.234,6.2179,6.232,CNH
2014-06-18,6.2314,6.2367,6.224,6.2258,CNH
2014-06-19,6.2249,6.232,6.223,6.2297,CNH
2014-06-20,6.2288,6.232,6.2255,6.2277,CNH
2014-06-23,6.2267,6.2306,6.2219,6.2236,CNH
2014-06-24,6.2229,6.2337,6.2213,6.2322,CNH
2014-06-25,6.2323,6.237,6.2263,6.228,CNH
2014-06-26,6.2262,6.2316,6.2215,6.2251,CNH
2014-06-27,6.2239,6.227,6.2131,6.215,CNH
2014-06-30,6.2143,6.2172,6.2033,6.2053,CNH
2014-07-01,6.2049,6.2096,6.1999,6.204,CNH
2014-07-02,6.2024,6.2184,6.2021,6.2165,CNH
2014-07-03,6.215,6.22,6.2088,6.2114,CNH
2014-07-04,6.2104,6.2176,6.2035,6.2068,CNH
2014-07-07,6.2051,6.2096,6.198,6.2023,CNH
2014-07-08,6.201,6.2072,6.199,6.2038,CNH
2014-07-09,6.2026,6.2035,6.1947,6.1963,CNH
2014-07-10,6.1957,6.2087,6.193,6.2034,CNH
2014-07-11,6.2022,6.2113,6.2011,6.2038,CNH
2014-07-14,6.203,6.2104,6.2028,6.2091,CNH
2014-07-15,6.2079,6.2157,6.2065,6.2154,CNH
2014-07-16,6.2152,6.2181,6.2053,6.2076,CNH
2014-07-17,6.2066,6.2103,6.1995,6.2069,CNH
2014-07-18,6.2059,6.2074,6.2006,6.2069,CNH
2014-07-21,6.2052,6.208,6.2025,6.205,CNH
2014-07-22,6.2041,6.2079,6.2003,6.2032,CNH
2014-07-23,6.2017,6.205,6.1893,6.192,CNH
2014-07-24,6.1907,6.1948,6.1875,6.1918,CNH
2014-07-25,6.1902,6.1969,6.1865,6.189,CNH
2014-07-28,6.188,6.189,6.1794,6.1812,CNH
2014-07-29,6.1803,6.1846,6.176,6.181,CNH
2014-07-30,6.18,6.1822,6.1698,6.173,CNH
2014-07-31,6.173,6.1817,6.1714,6.1805,CNH
2014-08-01,6.1794,6.1855,6.175,6.181,CNH
2014-08-04,6.179,6.1795,6.1715,6.174,CNH
2014-08-05,6.1738,6.1757,6.1659,6.1693,CNH
2014-08-06,6.1691,6.1712,6.159,6.1605,CNH
2014-08-07,6.1603,6.1685,6.1574,6.1663,CNH
2014-08-08,6.1656,6.1695,6.1536,6.1549,CNH
2014-08-11,6.154,6.1562,6.1499,6.1536,CNH
2014-08-12,6.1534,6.1642,6.1517,6.1601,CNH
2014-08-13,6.1593,6.1655,6.1557,6.159,CNH
2014-08-14,6.1579,6.1598,6.149,6.152,CNH
2014-08-15,6.1509,6.1526,6.1435,6.148,CNH
2014-08-18,6.1465,6.1476,6.1385,6.1413,CNH
2014-08-19,6.1404,6.1464,6.1345,6.1442,CNH
2014-08-20,6.1432,6.1479,6.1405,6.1448,CNH
2014-08-21,6.144,6.1602,6.1427,6.1543,CNH
2014-08-22,6.1527,6.1631,6.1523,6.1559,CNH
2014-08-25,6.1547,6.1621,6.1525,6.1551,CNH
2014-08-26,6.1543,6.1583,6.1478,6.1508,CNH
2014-08-27,6.1496,6.1514,6.1423,6.144,CNH
2014-08-28,6.1431,6.154,6.141,6.1505,CNH
2014-08-29,6.1493,6.1525,6.146,6.1494,CNH
2014-09-01,6.1482,6.1518,6.1425,6.1461,CNH
2014-09-02,6.145,6.1552,6.143,6.1523,CNH
2014-09-03,6.1514,6.154,6.1434,6.1452,CNH
2014-09-04,6.1443,6.1485,6.1365,6.1468,CNH
2014-09-05,6.146,6.1495,6.1393,6.1412,CNH
2014-09-08,6.1411,6.1426,6.1325,6.1396,CNH
2014-09-09,6.1392,6.1414,6.1312,6.1385,CNH
2014-09-10,6.1377,6.1391,6.1295,6.1334,CNH
2014-09-11,6.1323,6.1382,6.1307,6.1368,CNH
2014-09-12,6.1355,6.1426,6.134,6.1408,CNH
2014-09-15,6.1385,6.1776,6.1385,6.1707,CNH
2014-09-16,6.1697,6.1797,6.1535,6.1561,CNH
2014-09-17,6.1549,6.159,6.1475,6.1551,CNH
2014-09-18,6.1624,6.163,6.1444,6.146,CNH
2014-09-19,6.145,6.1472,6.1395,6.1443,CNH
2014-09-22,6.1432,6.1558,6.1385,6.1535,CNH
2014-09-23,6.1525,6.1536,6.1385,6.1429,CNH
2014-09-24,6.1411,6.144,6.135,6.1395,CNH
2014-09-25,6.1386,6.1516,6.1375,6.1475,CNH
2014-09-26,6.1458,6.1488,6.1388,6.1454,CNH
2014-09-29,6.145,6.1808,6.1443,6.179,CNH
2014-09-30,6.1781,6.1802,6.1615,6.1792,CNH
2014-10-01,6.178,6.1847,6.1689,6.1701,CNH
2014-10-02,6.1697,6.171,6.1577,6.1621,CNH
2014-10-03,6.1601,6.17,6.155,6.167,CNH
2014-10-06,6.1664,6.1697,6.149,6.1529,CNH
2014-10-07,6.1504,6.1545,6.1454,6.1468,CNH
2014-10-08,6.1454,6.1488,6.1357,6.1377,CNH
2014-10-09,6.1366,6.142,6.132,6.1392,CNH
2014-10-10,6.1382,6.1456,6.1355,6.1421,CNH
2014-10-13,6.1413,6.1445,6.1331,6.1352,CNH
2014-10-14,6.1335,6.1438,6.1328,6.1418,CNH
2014-10-15,6.1406,6.1437,6.1312,6.1349,CNH
2014-10-16,6.1334,6.1564,6.1295,6.143,CNH
2014-10-17,6.1413,6.1493,6.1334,6.1414,CNH
2014-10-20,6.1406,6.1416,6.1307,6.1332,CNH
2014-10-21,6.1321,6.134,6.1235,6.1275,CNH
2014-10-22,6.1265,6.1286,6.1199,6.1248,CNH
2014-10-23,6.1235,6.1279,6.123,6.1254,CNH
2014-10-24,6.1244,6.1313,6.1219,6.1242,CNH
2014-10-27,6.1237,6.1254,6.1182,6.1202,CNH
2014-10-28,6.1192,6.121,6.1117,6.1139,CNH
2014-10-29,6.1123,6.1195,6.11,6.117,CNH
2014-10-30,6.1172,6.1239,6.1153,6.1176,CNH
2014-10-31,6.1165,6.1293,6.113,6.1278,CNH
2014-11-03,6.1262,6.1315,6.1215,6.13,CNH
2014-11-04,6.129,6.1304,6.1164,6.1182,CNH
2014-11-05,6.1172,6.125,6.1135,6.1217,CNH
2014-11-06,6.1191,6.1252,6.116,6.123,CNH
2014-11-07,6.1209,6.1429,6.1204,6.136,CNH
2014-11-10,6.1271,6.1296,6.1186,6.1243,CNH
2014-11-11,6.1232,6.1358,6.121,6.1284,CNH
2014-11-12,6.1274,6.1389,6.1256,6.1327,CNH
2014-11-13,6.1319,6.1363,6.127,6.1296,CNH
2014-11-14,6.1286,6.136,6.126,6.1301,CNH
2014-11-17,6.129,6.1316,6.1228,6.1262,CNH
2014-11-18,6.1249,6.1274,6.1151,6.1178,CNH
2014-11-19,6.1169,6.1284,6.114,6.125,CNH
2014-11-20,6.1241,6.131,6.1225,6.1258,CNH
2014-11-21,6.1246,6.1394,6.12,6.1342,CNH
2014-11-24,6.1342,6.1637,6.1315,6.1591,CNH
2014-11-25,6.1579,6.1594,6.1425,6.1471,CNH
2014-11-26,6.1459,6.1584,6.1365,6.149,CNH
2014-11-27,6.1483,6.1501,6.141,6.1472,CNH
2014-11-28,6.146,6.1641,6.1456,6.1609,CNH
2014-12-01,6.1598,6.169,6.156,6.1582,CNH
2014-12-02,6.1571,6.1593,6.1485,6.1569,CNH
2014-12-03,6.1559,6.157,6.1445,6.1474,CNH
2014-12-04,6.1463,6.1597,6.146,6.1521,CNH
2014-12-05,6.1509,6.1608,6.1486,6.1599,CNH
2014-12-08,6.1585,6.1824,6.15,6.1731,CNH
2014-12-09,6.172,6.2063,6.1695,6.1876,CNH
2014-12-10,6.1864,6.2001,6.1765,6.18,CNH
2014-12-11,6.1787,6.1992,6.1742,6.1963,CNH
2014-12-12,6.1955,6.204,6.1855,6.1963,CNH
2014-12-15,6.196,6.201,6.187,6.1997,CNH
2014-12-16,6.1985,6.2022,6.1887,6.1928,CNH
2014-12-17,6.1923,6.2027,6.1895,6.202,CNH
2014-12-18,6.2008,6.225,6.1988,6.2205,CNH
2014-12-19,6.2199,6.2302,6.2157,6.2245,CNH
2014-12-22,6.2229,6.2274,6.2135,6.2188,CNH
2014-12-23,6.2178,6.2338,6.2172,6.2317,CNH
2014-12-24,6.2306,6.2327,6.2212,6.2248,CNH
2014-12-25,6.2247,6.2264,6.205,6.2069,CNH
2014-12-26,6.2054,6.218,6.2041,6.2166,CNH
2014-12-29,6.2156,6.2378,6.21,6.2352,CNH
2014-12-30,6.2335,6.2404,6.213,6.2171,CNH
2014-12-31,6.2157,6.2279,6.2055,6.2163,CNH
2015-01-02,6.217,6.2313,6.217,6.2284,CNH
2015-01-05,6.2275,6.2337,6.221,6.2281,CNH
2015-01-06,6.227,6.2285,6.2059,6.2125,CNH
2015-01-07,6.2115,6.2205,6.2075,6.2157,CNH
2015-01-08,6.2146,6.2243,6.2131,6.2183,CNH
2015-01-09,6.2175,6.2189,6.204,6.2059,CNH
2015-01-12,6.2045,6.2061,6.1945,6.1974,CNH
2015-01-13,6.1965,6.2048,6.193,6.1966,CNH
2015-01-14,6.1952,6.1993,6.1914,6.1944,CNH
2015-01-15,6.193,6.2175,6.1867,6.2154,CNH
2015-01-16,6.2025,6.2443,6.1975,6.2443,CNH
2015-01-19,6.2315,6.2363,6.22,6.2241,CNH
2015-01-20,6.223,6.2283,6.2145,6.2218,CNH
2015-01-21,6.2204,6.2266,6.2111,6.2172,CNH
2015-01-22,6.216,6.2251,6.209,6.2216,CNH
2015-01-23,6.2208,6.2567,6.2171,6.255,CNH
2015-01-26,6.254,6.2694,6.2475,6.2549,CNH
2015-01-27,6.2527,6.2564,6.2375,6.2437,CNH
2015-01-28,6.2426,6.2633,6.2389,6.2592,CNH
2015-01-29,6.2577,6.2653,6.2534,6.2619,CNH
2015-01-30,6.2607,6.2894,6.2544,6.2833,CNH
2015-02-02,6.2817,6.2831,6.2646,6.2675,CNH
2015-02-03,6.2666,6.2763,6.2497,6.2567,CNH
2015-02-04,6.2552,6.2608,6.246,6.2561,CNH
2015-02-05,6.2546,6.2663,6.2409,6.2423,CNH
2015-02-06,6.2411,6.2533,6.2338,6.2478,CNH
2015-02-09,6.2478,6.2567,6.246,6.2505,CNH
2015-02-10,6.249,6.259,6.2408,6.2568,CNH
2015-02-11,6.2562,6.258,6.2425,6.247,CNH
2015-02-12,6.2458,6.2531,6.239,6.241,CNH
2015-02-13,6.2398,6.2483,6.2355,6.2446,CNH
2015-02-16,6.2419,6.2737,6.2415,6.2663,CNH
2015-02-17,6.2649,6.2864,6.264,6.2763,CNH
2015-02-18,6.2751,6.2853,6.2742,6.2785,CNH
2015-02-19,6.2767,6.2808,6.2706,6.2725,CNH
2015-02-20,6.271,6.2816,6.2698,6.279,CNH
2015-02-23,6.2775,6.2804,6.2715,6.2732,CNH
2015-02-24,6.2723,6.279,6.2607,6.2634,CNH
2015-02-25,6.2617,6.2746,6.2608,6.2712,CNH
2015-02-26,6.2705,6.2817,6.2625,6.2799,CNH
2015-02-27,6.2774,6.2951,6.2751,6.2868,CNH
2015-03-02,6.2875,6.3019,6.2817,6.2904,CNH
2015-03-03,6.2897,6.2935,6.281,6.285,CNH
2015-03-04,6.2835,6.2896,6.2751,6.2876,CNH
2015-03-05,6.287,6.293,6.271,6.2746,CNH
2015-03-06,6.2736,6.2873,6.2695,6.285,CNH
2015-03-09,6.2835,6.2853,6.2704,6.2735,CNH
2015-03-10,6.2723,6.2857,6.2693,6.2832,CNH
2015-03-11,6.2826,6.2841,6.2715,6.278,CNH
2015-03-12,6.2763,6.2822,6.2667,6.2757,CNH
2015-03-13,6.2743,6.2914,6.268,6.2855,CNH
2015-03-16,6.2833,6.2865,6.2628,6.2708,CNH
2015-03-17,6.2693,6.2711,6.2422,6.2478,CNH
2015-03-18,6.2466,6.2497,6.2198,6.2248,CNH
2015-03-19,6.2216,6.2271,6.1995,6.216,CNH
2015-03-20,6.2148,6.2243,6.1953,6.2037,CNH
2015-03-23,6.203,6.2178,6.1927,6.2049,CNH
2015-03-24,6.2037,6.2183,6.202,6.2101,CNH
2015-03-25,6.2095,6.2199,6.2054,6.21,CNH
2015-03-26,6.2106,6.2181,6.2072,6.2161,CNH
2015-03-27,6.2147,6.2266,6.2088,6.2118,CNH
2015-03-30,6.2114,6.218,6.2045,6.2082,CNH
2015-03-31,6.2072,6.211,6.201,6.2063,CNH
2015-04-01,6.2049,6.2113,6.1985,6.2046,CNH
2015-04-02,6.2035,6.2082,6.1977,6.1999,CNH
2015-04-03,6.2002,6.2056,6.1922,6.1958,CNH
2015-04-06,6.1962,6.1998,6.1913,6.1964,CNH
2015-04-07,6.1948,6.2022,6.1918,6.2,CNH
2015-04-08,6.1985,6.2107,6.1967,6.206,CNH
2015-04-09,6.2048,6.22,6.2045,6.2184,CNH
2015-04-10,6.2172,6.2233,6.214,6.2183,CNH
2015-04-13,6.218,6.2303,6.2157,6.2266,CNH
2015-04-14,6.2246,6.2279,6.2107,6.2148,CNH
2015-04-15,6.2132,6.2175,6.197,6.2008,CNH
2015-04-16,6.2,6.2037,6.1859,6.1884,CNH
2015-04-17,6.1876,6.1992,6.185,6.1928,CNH
2015-04-20,6.1951,6.205,6.193,6.1959,CNH
2015-04-21,6.1947,6.2027,6.1938,6.197,CNH
2015-04-22,6.1957,6.2011,6.1884,6.195,CNH
2015-04-23,6.1937,6.1993,6.1867,6.1908,CNH
2015-04-24,6.19,6.2003,6.1869,6.1968,CNH
2015-04-27,6.1919,6.2252,6.1919,6.2168,CNH
2015-04-28,6.2141,6.2204,6.1992,6.2046,CNH
2015-04-29,6.204,6.2092,6.197,6.2016,CNH
2015-04-30,6.2005,6.2128,6.1964,6.2082,CNH
2015-05-01,6.2067,6.2159,6.2062,6.211,CNH
2015-05-04,6.2088,6.2163,6.2084,6.2118,CNH
2015-05-05,6.2104,6.2154,6.2049,6.2073,CNH
2015-05-06,6.2058,6.2098,6.1969,6.203,CNH
2015-05-07,6.2014,6.2157,6.1998,6.2135,CNH
2015-05-08,6.2116,6.2146,6.2059,6.2088,CNH
2015-05-11,6.2076,6.2173,6.2061,6.2128,CNH
2015-05-12,6.2123,6.215,6.2055,6.21,CNH
2015-05-13,6.2078,6.2117,6.198,6.2005,CNH
2015-05-14,6.199,6.2064,6.1975,6.2046,CNH
2015-05-15,6.2027,6.2093,6.2002,6.2034,CNH
2015-05-18,6.2018,6.2078,6.2,6.2059,CNH
2015-05-19,6.2054,6.2114,6.2035,6.2093,CNH
2015-05-20,6.209,6.2118,6.2031,6.2056,CNH
2015-05-21,6.205,6.2075,6.1947,6.1971,CNH
2015-05-22,6.1961,6.2035,6.1925,6.202,CNH
2015-05-25,6.1996,6.2054,6.198,6.2027,CNH
2015-05-26,6.2018,6.2108,6.2007,6.2094,CNH
2015-05-27,6.2083,6.2107,6.2023,6.2053,CNH
2015-05-28,6.2049,6.2079,6.1994,6.2043,CNH
2015-05-29,6.2033,6.2055,6.1998,6.2035,CNH
2015-06-01,6.2027,6.2067,6.1966,6.2052,CNH
2015-06-02,6.204,6.2066,6.1981,6.2004,CNH
2015-06-03,6.1992,6.2026,6.197,6.1992,CNH
2015-06-04,6.1978,6.2096,6.1965,6.2053,CNH
2015-06-05,6.2041,6.2144,6.2021,6.212,CNH
2015-06-08,6.2097,6.2165,6.2066,6.2088,CNH
2015-06-09,6.2085,6.2155,6.2065,6.2117,CNH
2015-06-10,6.2107,6.2143,6.2061,6.2084,CNH
2015-06-11,6.2071,6.2135,6.2057,6.2118,CNH
2015-06-12,6.2103,6.2202,6.2095,6.2165,CNH
2015-06-15,6.2144,6.2165,6.2105,6.2129,CNH
2015-06-16,6.2127,6.2139,6.2074,6.2085,CNH
2015-06-17,6.2084,6.2114,6.2015,6.2041,CNH
2015-06-18,6.2029,6.21,6.201,6.2034,CNH
2015-06-19,6.202,6.2145,6.2015,6.206,CNH
2015-06-22,6.2067,6.2082,6.2012,6.203,CNH
2015-06-23,6.2038,6.2069,6.1987,6.2004,CNH
2015-06-24,6.199,6.2056,6.1988,6.2018,CNH
2015-06-25,6.2015,6.2096,6.1999,6.2042,CNH
2015-06-26,6.2038,6.2123,6.2025,6.2057,CNH
2015-06-29,6.2045,6.2152,6.204,6.2075,CNH
2015-06-30,6.206,6.2101,6.2022,6.2067,CNH
2015-07-01,6.2057,6.2073,6.2011,6.2048,CNH
2015-07-02,6.2044,6.2092,6.2009,6.2029,CNH
2015-07-03,6.2019,6.2086,6.2014,6.2066,CNH
2015-07-06,6.2065,6.2185,6.204,6.2124,CNH
2015-07-07,6.2115,6.2287,6.2108,6.2221,CNH
2015-07-08,6.221,6.2301,6.214,6.2229,CNH
2015-07-09,6.2217,6.2246,6.2109,6.2176,CNH
2015-07-10,6.2167,6.2209,6.2116,6.2174,CNH
2015-07-13,6.2164,6.2194,6.213,6.2163,CNH
2015-07-14,6.2161,6.2196,6.212,6.2149,CNH
2015-07-15,6.213,6.219,6.211,6.2157,CNH
2015-07-16,6.2155,6.2183,6.212,6.214,CNH
2015-07-17,6.2133,6.2162,6.2111,6.2133,CNH
2015-07-20,6.213,6.218,6.2112,6.2141,CNH
2015-07-21,6.2132,6.2172,6.2068,6.2097,CNH
2015-07-22,6.2085,6.2138,6.2072,6.2121,CNH
2015-07-23,6.2112,6.2188,6.2105,6.2138,CNH
2015-07-24,6.2135,6.2298,6.212,6.2272,CNH
2015-07-27,6.2253,6.2276,6.2179,6.2199,CNH
2015-07-28,6.2189,6.2274,6.2131,6.2172,CNH
2015-07-29,6.2162,6.2208,6.2126,6.2179,CNH
2015-07-30,6.2169,6.2237,6.2163,6.2212,CNH
2015-07-31,6.2191,6.2245,6.2139,6.2211,CNH
2015-08-03,6.2208,6.2218,6.216,6.2195,CNH
2015-08-04,6.2182,6.2208,6.214,6.219,CNH
2015-08-05,6.2178,6.2268,6.2163,6.2183,CNH
2015-08-06,6.2177,6.2209,6.216,6.2175,CNH
2015-08-07,6.2165,6.2195,6.2144,6.2162,CNH
2015-08-10,6.2153,6.22,6.2127,6.2148,CNH
2015-08-11,6.2136,6.4062,6.213,6.3888,CNH
2015-08-12,6.3878,6.5957,6.3834,6.4504,CNH
2015-08-13,6.4308,6.5096,6.4304,6.4622,CNH
2015-08-14,6.4616,6.4636,6.426,6.4533,CNH
2015-08-17,6.4485,6.4563,6.4303,6.4445,CNH
2015-08-18,6.443,6.4539,6.4315,6.4405,CNH
2015-08-19,6.4389,6.4646,6.4345,6.4625,CNH
2015-08-20,6.4621,6.4638,6.4363,6.4395,CNH
2015-08-21,6.438,6.4577,6.4343,6.4539,CNH
2015-08-24,6.453,6.5317,6.4479,6.4937,CNH
2015-08-25,6.4916,6.5147,6.4516,6.5105,CNH
2015-08-26,6.5095,6.5168,6.4804,6.4894,CNH
2015-08-27,6.489,6.4936,6.4711,6.4763,CNH
2015-08-28,6.4748,6.4809,6.449,6.463,CNH
2015-08-31,6.4608,6.4627,6.4399,6.4422,CNH
2015-09-01,6.4417,6.4489,6.4067,6.4177,CNH
2015-09-02,6.4159,6.4591,6.4127,6.4467,CNH
2015-09-03,6.4457,6.4563,6.4395,6.4504,CNH
2015-09-04,6.4463,6.4713,6.4456,6.4665,CNH
2015-09-07,6.469,6.4925,6.4448,6.4789,CNH
2015-09-08,6.4792,6.4943,6.4507,6.4546,CNH
2015-09-09,6.4525,6.4737,6.4441,6.4665,CNH
2015-09-10,6.4646,6.4845,6.3783,6.3868,CNH
2015-09-11,6.3876,6.4207,6.3772,6.4097,CNH
2015-09-14,6.408,6.4154,6.3982,6.4033,CNH
2015-09-15,6.4016,6.4135,6.3956,6.4108,CNH
2015-09-16,6.4099,6.4128,6.4004,6.4045,CNH
2015-09-17,6.4034,6.4143,6.3968,6.4005,CNH
2015-09-18,6.3993,6.4036,6.384,6.387,CNH
2015-09-21,6.386,6.4079,6.3846,6.3986,CNH
2015-09-22,6.3981,6.4207,6.3968,6.4166,CNH
2015-09-23,6.4158,6.4398,6.4113,6.4386,CNH
2015-09-24,6.4379,6.4441,6.4144,6.4163,CNH
2015-09-25,6.416,6.4216,6.3951,6.397,CNH
2015-09-28,6.3991,6.3998,6.3564,6.358,CNH
2015-09-29,6.357,6.3753,6.3322,6.3441,CNH
2015-09-30,6.3431,6.3679,6.3394,6.3636,CNH
2015-10-01,6.3617,6.3713,6.3547,6.3679,CNH
2015-10-02,6.3662,6.3802,6.3547,6.3568,CNH
2015-10-05,6.3557,6.3643,6.3441,6.3491,CNH
2015-10-06,6.3476,6.36,6.346,6.3521,CNH
2015-10-07,6.3508,6.3551,6.3353,6.3473,CNH
2015-10-08,6.3463,6.3597,6.3387,6.3419,CNH
2015-10-09,6.34,6.3502,6.3345,6.3369,CNH
2015-10-12,6.339,6.3439,6.3145,6.3231,CNH
2015-10-13,6.3215,6.3482,6.3192,6.3423,CNH
2015-10-14,6.3411,6.3568,6.3363,6.3387,CNH
2015-10-15,6.3378,6.353,6.337,6.3498,CNH
2015-10-16,6.3493,6.3703,6.3478,6.3645,CNH
2015-10-19,6.3617,6.3907,6.3615,6.3886,CNH
2015-10-20,6.388,6.3895,6.3641,6.3707,CNH
2015-10-21,6.3697,6.3738,6.3554,6.3688,CNH
2015-10-22,6.3683,6.3969,6.3617,6.3874,CNH
2015-10-23,6.3861,6.4013,6.381,6.3973,CNH
2015-10-26,6.3945,6.3971,6.3856,6.3891,CNH
2015-10-27,6.388,6.3971,6.3784,6.3944,CNH
2015-10-28,6.3921,6.4062,6.3867,6.389,CNH
2015-10-29,6.3883,6.4013,6.3451,6.3495,CNH
2015-10-30,6.348,6.3529,6.3141,6.3215,CNH
2015-11-02,6.3215,6.3509,6.3212,6.3461,CNH
2015-11-03,6.345,6.3558,6.3409,6.3447,CNH
2015-11-04,6.3438,6.3586,6.3427,6.3547,CNH
2015-11-05,6.3508,6.3761,6.3505,6.3726,CNH
2015-11-06,6.3713,6.394,6.355,6.3926,CNH
2015-11-09,6.3908,6.3957,6.3805,6.3912,CNH
2015-11-10,6.3898,6.3958,6.3829,6.3939,CNH
2015-11-11,6.3924,6.4002,6.3844,6.3905,CNH
2015-11-12,6.3887,6.4,6.386,6.3918,CNH
2015-11-13,6.39,6.4162,6.3888,6.406,CNH
2015-11-16,6.4074,6.422,6.3843,6.3999,CNH
2015-11-17,6.398,6.4119,6.3904,6.4112,CNH
2015-11-18,6.4107,6.4206,6.4023,6.418,CNH
2015-11-19,6.4164,6.4188,6.4013,6.4036,CNH
2015-11-20,6.4021,6.4216,6.402,6.4207,CNH
2015-11-23,6.4172,6.436,6.416,6.431,CNH
2015-11-24,6.4295,6.434,6.4213,6.4273,CNH
2015-11-25,6.4262,6.4291,6.414,6.4226,CNH
2015-11-26,6.4217,6.4397,6.4183,6.4348,CNH
2015-11-27,6.4335,6.4589,6.4316,6.4512,CNH
2015-11-30,6.4495,6.4606,6.4146,6.4245,CNH
2015-12-01,6.4238,6.4518,6.423,6.4472,CNH
2015-12-02,6.4451,6.452,6.4357,6.4471,CNH
2015-12-03,6.4461,6.4565,6.4185,6.4219,CNH
2015-12-04,6.4202,6.4528,6.4185,6.4475,CNH
2015-12-07,6.4425,6.4752,6.4419,6.4719,CNH
2015-12-08,6.4715,6.5004,6.4707,6.4878,CNH
2015-12-09,6.4854,6.5232,6.4845,6.502,CNH
2015-12-10,6.504,6.5431,6.487,6.4971,CNH
2015-12-11,6.4956,6.563,6.4955,6.5297,CNH
2015-12-14,6.5295,6.5606,6.5295,6.5536,CNH
2015-12-15,6.5526,6.5563,6.5263,6.54,CNH
2015-12-16,6.5373,6.5464,6.5132,6.524,CNH
2015-12-17,6.5224,6.5732,6.521,6.5681,CNH
2015-12-18,6.5665,6.5753,6.5497,6.5555,CNH
2015-12-21,6.5528,6.5605,6.5458,6.5518,CNH
2015-12-22,6.5499,6.5537,6.5237,6.5271,CNH
2015-12-23,6.5318,6.5499,6.5272,6.5446,CNH
2015-12-24,6.5433,6.55,6.5303,6.5408,CNH
2015-12-25,6.546,6.5478,6.5345,6.54,CNH
2015-12-28,6.5381,6.5663,6.5343,6.5606,CNH
2015-12-29,6.5596,6.5825,6.5578,6.577,CNH
2015-12-30,6.575,6.6123,6.562,6.5682,CNH
2015-12-31,6.5658,6.593,6.564,6.5689,CNH
2016-01-01,6.5681,6.5697,6.5681,6.5697,CNH
2016-01-04,6.5687,6.635,6.568,6.6291,CNH
2016-01-05,6.6274,6.6563,6.6255,6.6448,CNH
2016-01-06,6.6419,6.7344,6.6353,6.696,CNH
2016-01-07,6.6953,6.7541,6.6624,6.683,CNH
2016-01-08,6.6808,6.6926,6.6524,6.6836,CNH
2016-01-11,6.6814,6.7076,6.5827,6.5842,CNH
2016-01-12,6.5829,6.6088,6.565,6.5785,CNH
2016-01-13,6.5762,6.5841,6.5593,6.5671,CNH
2016-01-14,6.5651,6.6266,6.5646,6.6014,CNH
2016-01-15,6.5986,6.621,6.5972,6.616,CNH
2016-01-18,6.6058,6.6087,6.5737,6.5844,CNH
2016-01-19,6.5837,6.6096,6.5824,6.591,CNH
2016-01-20,6.59,6.6133,6.5864,6.6032,CNH
2016-01-21,6.6015,6.6205,6.5986,6.6036,CNH
2016-01-22,6.6018,6.6149,6.5997,6.612,CNH
2016-01-25,6.611,6.621,6.6042,6.6095,CNH
2016-01-26,6.6083,6.623,6.6063,6.6116,CNH
2016-01-27,6.6076,6.6208,6.6047,6.6181,CNH
2016-01-28,6.6173,6.6185,6.6081,6.6145,CNH
2016-01-29,6.6125,6.6316,6.5906,6.5941,CNH
2016-02-01,6.5926,6.6224,6.5926,6.6203,CNH
2016-02-02,6.6178,6.6317,6.6123,6.6283,CNH
2016-02-03,6.6265,6.6532,6.5971,6.6135,CNH
2016-02-04,6.6126,6.6201,6.5617,6.5756,CNH
2016-02-05,6.5742,6.5856,6.5567,6.5715,CNH
2016-02-08,6.57,6.5839,6.5681,6.5723,CNH
2016-02-09,6.571,6.5832,6.5623,6.5655,CNH
2016-02-10,6.564,6.5698,6.5268,6.5463,CNH
2016-02-11,6.544,6.5478,6.5254,6.5295,CNH
2016-02-12,6.528,6.5499,6.4984,6.5105,CNH
2016-02-15,6.5083,6.5363,6.4855,6.5015,CNH
2016-02-16,6.4977,6.527,6.4968,6.5185,CNH
2016-02-17,6.5175,6.5398,6.5153,6.525,CNH
2016-02-18,6.5225,6.5334,6.5149,6.5229,CNH
2016-02-19,6.5208,6.5294,6.5182,6.528,CNH
2016-02-22,6.5268,6.5305,6.52,6.5281,CNH
2016-02-23,6.5272,6.5389,6.524,6.5338,CNH
2016-02-24,6.5318,6.5453,6.5309,6.5348,CNH
2016-02-25,6.5338,6.5484,6.5318,6.5355,CNH
2016-02-26,6.5327,6.544,6.5307,6.544,CNH
2016-02-29,6.5461,6.5591,6.5435,6.5522,CNH
2016-03-01,6.5526,6.5568,6.5406,6.55,CNH
2016-03-02,6.55,6.5568,6.5464,6.5488,CNH
2016-03-03,6.5481,6.5493,6.5198,6.5214,CNH
2016-03-04,6.5217,6.5315,6.5008,6.5015,CNH
2016-03-07,6.5062,6.5271,6.4989,6.5075,CNH
2016-03-08,6.5076,6.5141,6.5054,6.5085,CNH
2016-03-09,6.5086,6.5203,6.5073,6.5115,CNH
2016-03-10,6.5118,6.5283,6.5014,6.5039,CNH
2016-03-11,6.5033,6.5069,6.4722,6.4835,CNH
2016-03-14,6.4833,6.4974,6.4815,6.4936,CNH
2016-03-15,6.4931,6.5127,6.4924,6.5115,CNH
2016-03-16,6.5119,6.5263,6.4798,6.4848,CNH
2016-03-17,6.4842,6.4995,6.4496,6.4556,CNH
2016-03-18,6.4566,6.48,6.4455,6.4633,CNH
2016-03-21,6.4652,6.4871,6.4652,6.4852,CNH
2016-03-22,6.4843,6.4984,6.4809,6.4936,CNH
2016-03-23,6.4938,6.5097,6.4887,6.5081,CNH
2016-03-24,6.508,6.5246,6.5042,6.5231,CNH
2016-03-25,6.5231,6.5304,6.521,6.5262,CNH
2016-03-28,6.5286,6.5312,6.5168,6.5178,CNH
2016-03-29,6.5165,6.5194,6.4919,6.4928,CNH
2016-03-30,6.4925,6.4981,6.4737,6.4745,CNH
2016-03-31,6.4734,6.4811,6.4571,6.4644,CNH
2016-04-01,6.4644,6.4851,6.4615,6.4718,CNH
2016-04-04,6.4698,6.4829,6.4672,6.4728,CNH
2016-04-05,6.4725,6.4881,6.4683,6.4859,CNH
2016-04-06,6.4866,6.4952,6.4797,6.4823,CNH
2016-04-07,6.4818,6.4904,6.4742,6.4852,CNH
2016-04-08,6.4866,6.4942,6.4786,6.4798,CNH
2016-04-11,6.4803,6.4863,6.4684,6.4691,CNH
2016-04-12,6.4701,6.4865,6.468,6.4733,CNH
2016-04-13,6.4732,6.4861,6.4708,6.4846,CNH
2016-04-14,6.4847,6.5012,6.4829,6.4923,CNH
2016-04-15,6.4925,6.5001,6.4818,6.4843,CNH
2016-04-18,6.4858,6.4929,6.4816,6.4844,CNH
2016-04-19,6.4845,6.4861,6.4672,6.4675,CNH
2016-04-20,6.4668,6.4827,6.4668,6.482,CNH
2016-04-21,6.4826,6.4898,6.4766,6.4877,CNH
2016-04-22,6.4879,6.5077,6.4836,6.506,CNH
2016-04-25,6.5035,6.5174,6.5011,6.5094,CNH
2016-04-26,6.5062,6.5108,6.4977,6.5037,CNH
2016-04-27,6.5035,6.5136,6.4973,6.5044,CNH
2016-04-28,6.5045,6.5167,6.4799,6.4851,CNH
2016-04-29,6.4836,6.4929,6.4748,6.4861,CNH
2016-05-02,6.4858,6.4878,6.4787,6.4798,CNH
2016-05-03,6.4803,6.5061,6.4737,6.5035,CNH
2016-05-04,6.5034,6.521,6.5004,6.5169,CNH
2016-05-05,6.5173,6.5218,6.509,6.5193,CNH
2016-05-06,6.5199,6.524,6.5087,6.5149,CNH
2016-05-09,6.5152,6.5419,6.5104,6.5419,CNH
2016-05-10,6.54,6.5447,6.534,6.5363,CNH
2016-05-11,6.537,6.54,6.5262,6.528,CNH
2016-05-12,6.5281,6.5512,6.5259,6.5491,CNH
2016-05-13,6.5503,6.5603,6.54,6.5533,CNH
2016-05-16,6.5522,6.5606,6.5431,6.5492,CNH
2016-05-17,6.5477,6.5495,6.5373,6.5477,CNH
2016-05-18,6.5487,6.5811,6.5442,6.578,CNH
2016-05-19,6.5773,6.5835,6.5579,6.563,CNH
2016-05-20,6.5632,6.5671,6.5536,6.5616,CNH
2016-05-23,6.5613,6.5668,6.5564,6.5617,CNH
2016-05-24,6.5624,6.5705,6.5605,6.5666,CNH
2016-05-25,6.5667,6.5706,6.5609,6.5655,CNH
2016-05-26,6.565,6.567,6.5548,6.5585,CNH
2016-05-27,6.5586,6.5785,6.5568,6.5771,CNH
2016-05-30,6.5766,6.5926,6.5762,6.5903,CNH
2016-05-31,6.5895,6.5925,6.5823,6.5864,CNH
2016-06-01,6.5873,6.6002,6.5846,6.5868,CNH
2016-06-02,6.5865,6.5893,6.5814,6.5878,CNH
2016-06-03,6.5876,6.5969,6.5399,6.542,CNH
2016-06-06,6.5417,6.5723,6.5414,6.5673,CNH
2016-06-07,6.5664,6.5784,6.5647,6.5756,CNH
2016-06-08,6.5751,6.5804,6.5653,6.5667,CNH
2016-06-09,6.5691,6.5881,6.5662,6.5857,CNH
2016-06-10,6.5836,6.6086,6.5816,6.6028,CNH
2016-06-13,6.6028,6.6086,6.594,6.5961,CNH
2016-06-14,6.5964,6.607,6.594,6.6061,CNH
2016-06-15,6.6063,6.6163,6.5853,6.5948,CNH
2016-06-16,6.5947,6.6073,6.5858,6.5977,CNH
2016-06-17,6.5978,6.6043,6.5891,6.5961,CNH
2016-06-20,6.5957,6.5965,6.5839,6.5905,CNH
2016-06-21,6.5893,6.596,6.5823,6.5935,CNH
2016-06-22,6.5941,6.6005,6.5801,6.581,CNH
2016-06-23,6.5812,6.5972,6.5803,6.5851,CNH
2016-06-24,6.5842,6.6525,6.5793,6.6366,CNH
2016-06-27,6.6368,6.6878,6.625,6.6813,CNH
2016-06-28,6.6816,6.6898,6.6719,6.6843,CNH
2016-06-29,6.6865,6.6875,6.6514,6.6544,CNH
2016-06-30,6.6544,6.7,6.6517,6.6692,CNH
2016-07-01,6.6685,6.6791,6.6603,6.6773,CNH
2016-07-04,6.6774,6.6839,6.6678,6.676,CNH
2016-07-05,6.6738,6.6959,6.673,6.6895,CNH
2016-07-06,6.6905,6.7088,6.6883,6.6958,CNH
2016-07-07,6.6955,6.7031,6.6905,6.701,CNH
2016-07-08,6.7021,6.7077,6.6949,6.7015,CNH
2016-07-11,6.7006,6.7084,6.6963,6.706,CNH
2016-07-12,6.7058,6.7073,6.6939,6.6966,CNH
2016-07-13,6.6974,6.702,6.6787,6.6879,CNH
2016-07-14,6.6883,6.6989,6.6867,6.6928,CNH
2016-07-15,6.6903,6.7173,6.6852,6.71,CNH
2016-07-18,6.706,6.7171,6.7022,6.7094,CNH
2016-07-19,6.7096,6.7164,6.7021,6.7105,CNH
2016-07-20,6.7112,6.7127,6.6772,6.6781,CNH
2016-07-21,6.6788,6.6871,6.6684,6.6757,CNH
2016-07-22,6.675,6.6867,6.6694,6.6824,CNH
2016-07-25,6.683,6.692,6.6825,6.6872,CNH
2016-07-26,6.6879,6.6888,6.6748,6.6801,CNH
2016-07-27,6.6806,6.6834,6.6707,6.6715,CNH
2016-07-28,6.6727,6.6737,6.6601,6.661,CNH
2016-07-29,6.663,6.6661,6.6236,6.6288,CNH
2016-08-01,6.6338,6.6479,6.6257,6.646,CNH
2016-08-02,6.6463,6.6569,6.6285,6.6334,CNH
2016-08-03,6.6332,6.6454,6.6306,6.6437,CNH
2016-08-04,6.6437,6.6547,6.6334,6.6467,CNH
2016-08-05,6.6471,6.6723,6.6446,6.6659,CNH
2016-08-08,6.6649,6.6746,6.6635,6.6684,CNH
2016-08-09,6.6687,6.6727,6.6596,6.662,CNH
2016-08-10,6.6609,6.6635,6.6311,6.643,CNH
2016-08-11,6.6434,6.6519,6.6342,6.6426,CNH
2016-08-12,6.6433,6.6571,6.6404,6.6523,CNH
2016-08-15,6.6505,6.6569,6.6451,6.647,CNH
2016-08-16,6.6471,6.6483,6.6236,6.63,CNH
2016-08-17,6.629,6.645,6.6263,6.6351,CNH
2016-08-18,6.6357,6.6411,6.6232,6.6322,CNH
2016-08-19,6.631,6.6622,6.6302,6.6558,CNH
2016-08-22,6.6562,6.6752,6.6554,6.6612,CNH
2016-08-23,6.6609,6.662,6.6474,6.6575,CNH
2016-08-24,6.6577,6.6734,6.6551,6.6722,CNH
2016-08-25,6.6723,6.6741,6.6665,6.6685,CNH
2016-08-26,6.6683,6.6979,6.6648,6.6932,CNH
2016-08-29,6.6985,6.7032,6.6863,6.6898,CNH
2016-08-30,6.6892,6.6976,6.6853,6.6931,CNH
2016-08-31,6.6936,6.6974,6.6867,6.6909,CNH
2016-09-01,6.6906,6.6942,6.6834,6.6861,CNH
2016-09-02,6.6861,6.7006,6.6833,6.698,CNH
2016-09-05,6.6982,6.6989,6.6855,6.6916,CNH
2016-09-06,6.6911,6.6997,6.6731,6.6745,CNH
2016-09-07,6.6756,6.682,6.6653,6.6709,CNH
2016-09-08,6.6713,6.6813,6.6632,6.6805,CNH
2016-09-09,6.6811,6.7,6.6765,6.6967,CNH
2016-09-12,6.6955,6.6988,6.6799,6.6848,CNH
2016-09-13,6.6848,6.6921,6.6842,6.691,CNH
2016-09-14,6.6912,6.6941,6.6642,6.6675,CNH
2016-09-15,6.6678,6.6754,6.6479,6.6502,CNH
2016-09-16,6.6506,6.6589,6.6438,6.6556,CNH
2016-09-19,6.6544,6.6717,6.6544,6.6664,CNH
2016-09-20,6.6663,6.6857,6.6643,6.6813,CNH
2016-09-21,6.6818,6.6851,6.667,6.6685,CNH
2016-09-22,6.6679,6.6836,6.6666,6.6816,CNH
2016-09-23,6.6824,6.6848,6.6735,6.6798,CNH
2016-09-26,6.6799,6.6851,6.6775,6.6827,CNH
2016-09-27,6.6832,6.6867,6.6773,6.6838,CNH
2016-09-28,6.6841,6.691,6.681,6.6837,CNH
2016-09-29,6.6828,6.6889,6.6698,6.671,CNH
2016-09-30,6.6708,6.683,6.6701,6.6743,CNH
2016-10-03,6.6775,6.6808,6.6732,6.6781,CNH
2016-10-04,6.6775,6.6956,6.675,6.694,CNH
2016-10-05,6.694,6.7008,6.689,6.6992,CNH
2016-10-06,6.6985,6.7144,6.6918,6.7071,CNH
2016-10-07,6.7081,6.7193,6.7022,6.7069,CNH
2016-10-10,6.7065,6.7199,6.7019,6.7172,CNH
2016-10-11,6.7173,6.7321,6.7149,6.7287,CNH
2016-10-12,6.7289,6.7317,6.7172,6.7253,CNH
2016-10-13,6.725,6.743,6.7239,6.734,CNH
2016-10-14,6.7334,6.7387,6.7293,6.7377,CNH
2016-10-17,6.739,6.7519,6.7359,6.7473,CNH
2016-10-18,6.7469,6.7501,6.7392,6.7431,CNH
2016-10-19,6.7432,6.748,6.7382,6.739,CNH
2016-10-20,6.7394,6.7509,6.7387,6.7481,CNH
2016-10-21,6.7471,6.7771,6.7466,6.7715,CNH
2016-10-24,6.7721,6.7888,6.7702,6.7829,CNH
2016-10-25,6.7839,6.7904,6.7739,6.7752,CNH
2016-10-26,6.7744,6.7869,6.7735,6.7847,CNH
2016-10-27,6.7814,6.7975,6.7809,6.7954,CNH
2016-10-28,6.797,6.8004,6.7841,6.7849,CNH
2016-10-31,6.7839,6.7881,6.7765,6.7775,CNH
2016-11-01,6.7773,6.7868,6.7716,6.7733,CNH
2016-11-02,6.7726,6.7762,6.7623,6.7672,CNH
2016-11-03,6.7676,6.7748,6.7642,6.7702,CNH
2016-11-04,6.7711,6.7738,6.7647,6.7725,CNH
2016-11-07,6.7723,6.7962,6.7723,6.7939,CNH
2016-11-08,6.7939,6.8005,6.7866,6.796,CNH
2016-11-09,6.7976,6.8387,6.7736,6.8341,CNH
2016-11-10,6.8335,6.8354,6.8088,6.83,CNH
2016-11-11,6.8305,6.8496,6.8008,6.8235,CNH
2016-11-14,6.8231,6.865,6.8207,6.8552,CNH
2016-11-15,6.8555,6.8813,6.848,6.873,CNH
2016-11-16,6.8735,6.8978,6.8712,6.8899,CNH
2016-11-17,6.8876,6.9055,6.8792,6.9041,CNH
2016-11-18,6.9035,6.9137,6.8851,6.908,CNH
2016-11-21,6.9077,6.9188,6.899,6.9032,CNH
2016-11-22,6.9043,6.9162,6.8964,6.913,CNH
2016-11-23,6.9128,6.9581,6.9099,6.9543,CNH
2016-11-24,6.9543,6.9661,6.9401,6.9459,CNH
2016-11-25,6.9454,6.9595,6.9352,6.9456,CNH
2016-11-28,6.9464,6.9498,6.9207,6.9276,CNH
2016-11-29,6.9261,6.9302,6.9111,6.9138,CNH
2016-11-30,6.9149,6.9216,6.8945,6.9161,CNH
2016-12-01,6.918,6.9205,6.8762,6.8804,CNH
2016-12-02,6.8792,6.8911,6.8678,6.8725,CNH
2016-12-05,6.8723,6.8905,6.856,6.8571,CNH
2016-12-06,6.8579,6.8891,6.8571,6.8879,CNH
2016-12-07,6.8879,6.9084,6.8861,6.8967,CNH
2016-12-08,6.8974,6.9183,6.8884,6.9127,CNH
2016-12-09,6.911,6.9399,6.908,6.9267,CNH
2016-12-12,6.9269,6.9446,6.9246,6.9251,CNH
2016-12-13,6.9244,6.9351,6.9182,6.9212,CNH
2016-12-14,6.9214,6.9334,6.896,6.9271,CNH
2016-12-15,6.9278,6.952,6.9202,6.9332,CNH
2016-12-16,6.9318,6.9694,6.93,6.9635,CNH
2016-12-19,6.9638,6.9668,6.9251,6.9325,CNH
2016-12-20,6.9325,6.9553,6.9314,6.9393,CNH
2016-12-21,6.9401,6.9497,6.9231,6.9309,CNH
2016-12-22,6.9302,6.9506,6.9296,6.9488,CNH
2016-12-23,6.9495,6.9596,6.9442,6.958,CNH
2016-12-26,6.9591,6.9593,6.9501,6.9531,CNH
2016-12-27,6.9531,6.9649,6.952,6.9589,CNH
2016-12-28,6.9581,6.9802,6.9494,6.9712,CNH
2016-12-29,6.9713,6.9883,6.9642,6.9668,CNH
2016-12-30,6.9633,6.9858,6.96,6.9734,CNH
2017-01-02,6.9723,6.9854,6.9717,6.974,CNH
2017-01-03,6.9736,6.9882,6.9572,6.9591,CNH
2017-01-04,6.9585,6.9695,6.8655,6.8665,CNH
2017-01-05,6.8663,6.8976,6.782,6.7883,CNH
2017-01-06,6.8007,6.8627,6.7918,6.8502,CNH
2017-01-09,6.8468,6.8915,6.8467,6.88,CNH
2017-01-10,6.8798,6.9142,6.8684,6.9109,CNH
2017-01-11,6.9111,6.9185,6.875,6.8872,CNH
2017-01-12,6.8882,6.9005,6.8384,6.8606,CNH
2017-01-13,6.8595,6.8758,6.8278,6.8466,CNH
2017-01-16,6.8457,6.8652,6.8432,6.8594,CNH
2017-01-17,6.8602,6.873,6.7928,6.8026,CNH
2017-01-18,6.8023,6.8433,6.8007,6.8392,CNH
2017-01-19,6.8385,6.8552,6.8278,6.8464,CNH
2017-01-20,6.846,6.8586,6.8308,6.8374,CNH
2017-01-23,6.8376,6.8469,6.8078,6.8106,CNH
2017-01-24,6.8102,6.8288,6.8038,6.8231,CNH
2017-01-25,6.8222,6.8404,6.8192,6.8265,CNH
2017-01-26,6.8265,6.8535,6.8133,6.8503,CNH
2017-01-27,6.8486,6.878,6.846,6.8684,CNH
2017-01-30,6.8699,6.8738,6.8525,6.8581,CNH
2017-01-31,6.8567,6.8704,6.8209,6.8274,CNH
2017-02-01,6.8285,6.8406,6.8262,6.8291,CNH
2017-02-02,6.8271,6.8338,6.7999,6.8099,CNH
2017-02-03,6.8093,6.8278,6.7923,6.801,CNH
2017-02-06,6.8015,6.8151,6.7969,6.8003,CNH
2017-02-07,6.8003,6.8403,6.7949,6.8353,CNH
2017-02-08,6.8347,6.8578,6.8324,6.8424,CNH
2017-02-09,6.8418,6.8648,6.8405,6.8636,CNH
2017-02-10,6.8637,6.8735,6.8596,6.8655,CNH
2017-02-13,6.864,6.8848,6.8605,6.8728,CNH
2017-02-14,6.8736,6.8784,6.8472,6.8579,CNH
2017-02-15,6.858,6.8655,6.8412,6.8419,CNH
2017-02-16,6.8421,6.8563,6.8414,6.8494,CNH
2017-02-17,6.8499,6.8573,6.8451,6.8524,CNH
2017-02-20,6.8524,6.864,6.8426,6.8575,CNH
2017-02-21,6.8565,6.8705,6.8542,6.8636,CNH
2017-02-22,6.8643,6.8692,6.8545,6.8574,CNH
2017-02-23,6.8565,6.8664,6.8441,6.8484,CNH
2017-02-24,6.8495,6.859,6.8471,6.8536,CNH
2017-02-27,6.8535,6.8654,6.8509,6.862,CNH
2017-02-28,6.862,6.8648,6.8453,6.8554,CNH
2017-03-01,6.8552,6.8781,6.8544,6.8689,CNH
2017-03-02,6.8678,6.889,6.867,6.8853,CNH
2017-03-03,6.8845,6.9077,6.8829,6.8966,CNH
2017-03-06,6.8957,6.9027,6.8868,6.9012,CNH
2017-03-07,6.9006,6.9044,6.889,6.8939,CNH
2017-03-08,6.8936,6.9215,6.8914,6.9162,CNH
2017-03-09,6.9177,6.9329,6.8941,6.904,CNH
2017-03-10,6.9025,6.9145,6.8831,6.8858,CNH
2017-03-13,6.8856,6.8974,6.8846,6.8963,CNH
2017-03-14,6.8961,6.9093,6.8937,6.9008,CNH
2017-03-15,6.9009,6.9039,6.8455,6.848,CNH
2017-03-16,6.8477,6.8784,6.8449,6.8703,CNH
2017-03-17,6.8712,6.8957,6.8693,6.8867,CNH
2017-03-20,6.8872,6.8994,6.8828,6.889,CNH
2017-03-21,6.8891,6.8967,6.8682,6.8719,CNH
2017-03-22,6.8719,6.8819,6.8621,6.8639,CNH
2017-03-23,6.8638,6.8768,6.8631,6.87,CNH
2017-03-24,6.8704,6.8858,6.8681,6.873,CNH
2017-03-27,6.8719,6.8724,6.8453,6.8555,CNH
2017-03-28,6.8555,6.8772,6.8497,6.8729,CNH
2017-03-29,6.8732,6.8785,6.8663,6.8668,CNH
2017-03-30,6.868,6.8849,6.867,6.8839,CNH
2017-03-31,6.885,6.8921,6.8708,6.8719,CNH
2017-04-03,6.8719,6.8796,6.8694,6.8746,CNH
2017-04-04,6.8716,6.883,6.8704,6.8788,CNH
2017-04-05,6.879,6.888,6.8726,6.8825,CNH
2017-04-06,6.8822,6.8938,6.8803,6.8898,CNH
2017-04-07,6.89,6.9013,6.8888,6.8991,CNH
2017-04-10,6.898,6.9147,6.8955,6.9055,CNH
2017-04-11,6.9055,6.9102,6.9001,6.9008,CNH
2017-04-12,6.9006,6.9056,6.8827,6.8839,CNH
2017-04-13,6.8849,6.8896,6.8693,6.8853,CNH
2017-04-14,6.8853,6.8895,6.8796,6.8822,CNH
2017-04-17,6.881,6.8843,6.8753,6.8783,CNH
2017-04-18,6.8789,6.8886,6.8739,6.8756,CNH
2017-04-19,6.8761,6.8868,6.8739,6.885,CNH
2017-04-20,6.8858,6.8891,6.8796,6.8848,CNH
2017-04-21,6.8841,6.8935,6.8792,6.8908,CNH
2017-04-24,6.888,6.8902,6.8772,6.8837,CNH
2017-04-25,6.883,6.8909,6.882,6.8885,CNH
2017-04-26,6.8889,6.9038,6.8876,6.897,CNH
2017-04-27,6.8971,6.9067,6.8971,6.9023,CNH
2017-04-28,6.9021,6.9057,6.8932,6.8977,CNH
2017-05-01,6.8977,6.9039,6.8958,6.898,CNH
2017-05-02,6.8975,6.9004,6.8882,6.8894,CNH
2017-05-03,6.8877,6.8952,6.8857,6.8945,CNH
2017-05-04,6.8947,6.898,6.8907,6.8926,CNH
2017-05-05,6.893,6.9081,6.8909,6.9024,CNH
2017-05-08,6.9015,6.9108,6.9003,6.9088,CNH
2017-05-09,6.909,6.9177,6.9073,6.914,CNH
2017-05-10,6.9154,6.9184,6.9086,6.9135,CNH
2017-05-11,6.9135,6.9152,6.9021,6.904,CNH
2017-05-12,6.9033,6.9071,6.8968,6.8974,CNH
2017-05-15,6.8974,6.9028,6.8863,6.8915,CNH
2017-05-16,6.8908,6.8919,6.873,6.8757,CNH
2017-05-17,6.8755,6.8843,6.8706,6.8709,CNH
2017-05-18,6.8718,6.8889,6.8702,6.8831,CNH
2017-05-19,6.884,6.892,6.873,6.8739,CNH
2017-05-22,6.8736,6.8849,6.8735,6.8784,CNH
2017-05-23,6.8781,6.8838,6.8764,6.8803,CNH
2017-05-24,6.8789,6.8898,6.8725,6.8737,CNH
2017-05-25,6.876,6.8815,6.8459,6.8495,CNH
2017-05-26,6.8494,6.8561,6.8161,6.8212,CNH
2017-05-29,6.819,6.8281,6.8026,6.8217,CNH
2017-05-30,6.8187,6.8341,6.8183,6.8246,CNH
2017-05-31,6.8238,6.8381,6.7427,6.7467,CNH
2017-06-01,6.7458,6.7743,6.7237,6.7503,CNH
2017-06-02,6.7504,6.7954,6.7492,6.7744,CNH
2017-06-05,6.7749,6.7886,6.7744,6.7818,CNH
2017-06-06,6.781,6.7851,6.7543,6.7555,CNH
2017-06-07,6.755,6.7818,6.7541,6.7742,CNH
2017-06-08,6.7745,6.786,6.7654,6.7826,CNH
2017-06-09,6.7843,6.7968,6.7823,6.7862,CNH
2017-06-12,6.7861,6.7993,6.7846,6.7959,CNH
2017-06-13,6.795,6.7993,6.7869,6.7888,CNH
2017-06-14,6.786,6.7933,6.7727,6.786,CNH
2017-06-15,6.7863,6.8134,6.7801,6.8071,CNH
2017-06-16,6.807,6.8345,6.8011,6.812,CNH
2017-06-19,6.8114,6.8313,6.8067,6.8277,CNH
2017-06-20,6.8278,6.8384,6.8216,6.8238,CNH
2017-06-21,6.8237,6.8342,6.8186,6.8311,CNH
2017-06-22,6.8311,6.8378,6.826,6.8372,CNH
2017-06-23,6.8361,6.845,6.8346,6.8383,CNH
2017-06-26,6.8398,6.8598,6.8345,6.8575,CNH
2017-06-27,6.8543,6.8593,6.8081,6.8143,CNH
2017-06-28,6.8136,6.8167,6.7961,6.8037,CNH
2017-06-29,6.8041,6.8062,6.7801,6.7929,CNH
2017-06-30,6.7952,6.7982,6.7603,6.7807,CNH
2017-07-03,6.7812,6.8011,6.7747,6.7973,CNH
2017-07-04,6.7958,6.8094,6.7943,6.8065,CNH
2017-07-05,6.8057,6.8089,6.7905,6.8001,CNH
2017-07-06,6.7991,6.8066,6.7937,6.8,CNH
2017-07-07,6.7992,6.805,6.7949,6.8029,CNH
2017-07-10,6.8032,6.81,6.7968,6.806,CNH
2017-07-11,6.806,6.8123,6.7973,6.8008,CNH
2017-07-12,6.8006,6.8019,6.7837,6.7865,CNH
2017-07-13,6.786,6.7891,6.7734,6.7818,CNH
2017-07-14,6.7822,6.7868,6.7638,6.765,CNH
2017-07-17,6.7663,6.7734,6.7597,6.764,CNH
2017-07-18,6.7636,6.7684,6.7423,6.748,CNH
2017-07-19,6.7474,6.7599,6.7418,6.7593,CNH
2017-07-20,6.7598,6.773,6.7533,6.7561,CNH
2017-07-21,6.7572,6.7671,6.7553,6.7591,CNH
2017-07-24,6.7587,6.7633,6.7441,6.7496,CNH
2017-07-25,6.7484,6.7602,6.7442,6.7587,CNH
2017-07-26,6.7598,6.7611,6.7413,6.7432,CNH
2017-07-27,6.7424,6.7473,6.7246,6.7453,CNH
2017-07-28,6.7461,6.7508,6.7351,6.7379,CNH
2017-07-31,6.735,6.7382,6.7245,6.7271,CNH
2017-08-01,6.7269,6.7325,6.7163,6.7296,CNH
2017-08-02,6.7291,6.7351,6.7227,6.7301,CNH
2017-08-03,6.7296,6.738,6.7261,6.7295,CNH
2017-08-04,6.728,6.7368,6.7187,6.7348,CNH
2017-08-07,6.7341,6.7373,6.7255,6.7306,CNH
2017-08-08,6.7315,6.7322,6.702,6.7116,CNH
2017-08-09,6.7118,6.7192,6.691,6.6921,CNH
2017-08-10,6.6918,6.6945,6.6662,6.6671,CNH
2017-08-11,6.6677,6.6967,6.6589,6.6733,CNH
2017-08-14,6.6749,6.6916,6.6696,6.6898,CNH
2017-08-15,6.6894,6.7042,6.6847,6.6962,CNH
2017-08-16,6.696,6.7076,6.6875,6.6887,CNH
2017-08-17,6.6881,6.6897,6.6759,6.6863,CNH
2017-08-18,6.6861,6.69,6.6778,6.6819,CNH
2017-08-21,6.6815,6.6851,6.6684,6.6711,CNH
2017-08-22,6.6716,6.6753,6.6596,6.6682,CNH
2017-08-23,6.6679,6.673,6.6613,6.6627,CNH
2017-08-24,6.6612,6.6654,6.6547,6.6608,CNH
2017-08-25,6.661,6.6654,6.6421,6.6431,CNH
2017-08-28,6.6437,6.6443,6.6167,6.6182,CNH
2017-08-29,6.6182,6.6286,6.5973,6.608,CNH
2017-08-30,6.6077,6.6138,6.5834,6.5991,CNH
2017-08-31,6.5991,6.6097,6.5923,6.5956,CNH
2017-09-01,6.5942,6.597,6.5452,6.5615,CNH
2017-09-04,6.5654,6.5678,6.5257,6.5291,CNH
2017-09-05,6.5285,6.5606,6.5282,6.5396,CNH
2017-09-06,6.5401,6.5523,6.5327,6.5419,CNH
2017-09-07,6.5408,6.5431,6.484,6.4852,CNH
2017-09-08,6.4874,6.5206,6.4441,6.503,CNH
2017-09-11,6.5084,6.5407,6.5061,6.5393,CNH
2017-09-12,6.538,6.5518,6.5315,6.5351,CNH
2017-09-13,6.5367,6.5492,6.5225,6.5475,CNH
2017-09-14,6.5472,6.5713,6.5421,6.5428,CNH
2017-09-15,6.5422,6.5523,6.5411,6.547,CNH
2017-09-18,6.5477,6.5791,6.5456,6.5733,CNH
2017-09-19,6.5732,6.5965,6.5691,6.5843,CNH
2017-09-20,6.585,6.5973,6.565,6.587,CNH
2017-09-21,6.586,6.6047,6.5579,6.5682,CNH
2017-09-22,6.5681,6.587,6.5641,6.5814,CNH
2017-09-25,6.5797,6.6192,6.5793,6.612,CNH
2017-09-26,6.6105,6.6449,6.6055,6.6281,CNH
2017-09-27,6.6278,6.6505,6.6235,6.6398,CNH
2017-09-28,6.6391,6.6792,6.6353,6.6543,CNH
2017-09-29,6.654,6.6758,6.6376,6.647,CNH
2017-10-02,6.648,6.6803,6.6453,6.6734,CNH
2017-10-03,6.6734,6.6914,6.6589,6.6677,CNH
2017-10-04,6.6669,6.6691,6.638,6.6486,CNH
2017-10-05,6.649,6.6592,6.6372,6.6543,CNH
2017-10-06,6.6552,6.6654,6.646,6.6514,CNH
2017-10-09,6.6505,6.6567,6.6089,6.6154,CNH
2017-10-10,6.6147,6.6165,6.564,6.5667,CNH
2017-10-11,6.5656,6.5927,6.5572,6.5739,CNH
2017-10-12,6.5736,6.5896,6.5678,6.5784,CNH
2017-10-13,6.5785,6.5884,6.5609,6.5678,CNH
2017-10-16,6.5673,6.5867,6.5645,6.5829,CNH
2017-10-17,6.5821,6.6197,6.5813,6.6063,CNH
2017-10-18,6.6064,6.6326,6.5969,6.6208,CNH
2017-10-19,6.6205,6.6405,6.6041,6.606,CNH
2017-10-20,6.6058,6.6281,6.6041,6.6235,CNH
2017-10-23,6.6234,6.6442,6.6219,6.6359,CNH
2017-10-24,6.6364,6.6437,6.6265,6.6426,CNH
2017-10-25,6.6418,6.6524,6.6359,6.6376,CNH
2017-10-26,6.6372,6.6573,6.6269,6.6536,CNH
2017-10-27,6.6543,6.6662,6.6451,6.6476,CNH
2017-10-30,6.6482,6.6527,6.6361,6.6364,CNH
2017-10-31,6.6361,6.6409,6.622,6.6315,CNH
2017-11-01,6.6331,6.6419,6.6056,6.609,CNH
2017-11-02,6.609,6.6173,6.5861,6.607,CNH
2017-11-03,6.6063,6.6391,6.6052,6.6354,CNH
2017-11-06,6.6369,6.6458,6.6228,6.6249,CNH
2017-11-07,6.6268,6.646,6.6192,6.6418,CNH
2017-11-08,6.6408,6.648,6.6285,6.632,CNH
2017-11-09,6.6314,6.6562,6.6266,6.6484,CNH
2017-11-10,6.6475,6.6631,6.6391,6.6607,CNH
2017-11-13,6.6614,6.6641,6.6489,6.6574,CNH
2017-11-14,6.6581,6.6585,6.6367,6.6368,CNH
2017-11-15,6.6363,6.6412,6.6195,6.6324,CNH
2017-11-16,6.6322,6.6414,6.6296,6.633,CNH
2017-11-17,6.6333,6.6483,6.6232,6.6368,CNH
2017-11-20,6.6361,6.6529,6.6341,6.6452,CNH
2017-11-21,6.6453,6.6516,6.6252,6.6269,CNH
2017-11-22,6.6276,6.6357,6.596,6.5961,CNH
2017-11-23,6.5966,6.6022,6.5782,6.5791,CNH
2017-11-24,6.5777,6.6052,6.5681,6.5883,CNH
2017-11-27,6.5877,6.6032,6.5869,6.5975,CNH
2017-11-28,6.5983,6.611,6.5943,6.6081,CNH
2017-11-29,6.6087,6.6236,6.5977,6.6122,CNH
2017-11-30,6.611,6.6283,6.6092,6.6114,CNH
2017-12-01,6.6117,6.618,6.5933,6.5949,CNH
2017-12-04,6.5983,6.6258,6.5983,6.6171,CNH
2017-12-05,6.6163,6.6276,6.6113,6.6176,CNH
2017-12-06,6.6185,6.6254,6.6136,6.618,CNH
2017-12-07,6.6175,6.625,6.6159,6.6239,CNH
2017-12-08,6.6248,6.6299,6.6172,6.6232,CNH
2017-12-11,6.6245,6.6274,6.6175,6.6215,CNH
2017-12-12,6.6222,6.6335,6.619,6.6277,CNH
2017-12-13,6.6272,6.6319,6.6115,6.6131,CNH
2017-12-14,6.6131,6.6166,6.6041,6.6071,CNH
2017-12-15,6.6051,6.6136,6.6007,6.6067,CNH
2017-12-18,6.6062,6.619,6.6047,6.609,CNH
2017-12-19,6.6091,6.6177,6.6022,6.6059,CNH
2017-12-20,6.6045,6.6073,6.5623,6.5648,CNH
2017-12-21,6.5649,6.5836,6.5473,6.5664,CNH
2017-12-22,6.5653,6.577,6.5614,6.5652,CNH
2017-12-25,6.5664,6.5715,6.5438,6.5557,CNH
2017-12-26,6.5524,6.5564,6.5342,6.5412,CNH
2017-12-27,6.5411,6.5639,6.5405,6.5538,CNH
2017-12-28,6.5536,6.5578,6.5248,6.5309,CNH
2017-12-29,6.5321,6.5355,6.5098,6.514,CNH
2018-01-01,6.514,6.5148,6.514,6.514,CNH
2018-01-02,6.5148,6.5191,6.4886,6.5022,CNH
2018-01-03,6.5022,6.511,6.4906,6.4977,CNH
2018-01-04,6.4949,6.5105,6.4818,6.4919,CNH
2018-01-05,6.4905,6.4919,6.4726,6.4805,CNH
2018-01-08,6.4776,6.5019,6.4658,6.4965,CNH
2018-01-09,6.4966,6.5396,6.4962,6.535,CNH
2018-01-10,6.532,6.5453,6.5084,6.5228,CNH
2018-01-11,6.5241,6.5291,6.4893,6.4921,CNH
2018-01-12,6.4897,6.4969,6.4597,6.4601,CNH
2018-01-15,6.4592,6.4608,6.415,6.4305,CNH
2018-01-16,6.4295,6.4478,6.4237,6.4371,CNH
2018-01-17,6.4381,6.4444,6.415,6.4322,CNH
2018-01-18,6.4314,6.4435,6.4164,6.4213,CNH
2018-01-19,6.4199,6.4214,6.3875,6.4002,CNH
2018-01-22,6.4023,6.4162,6.3957,6.4047,CNH
2018-01-23,6.4018,6.4138,6.3897,6.3986,CNH
2018-01-24,6.3975,6.4,6.3455,6.3489,CNH
2018-01-25,6.3496,6.3601,6.2965,6.3295,CNH
2018-01-26,6.3288,6.3427,6.3114,6.3258,CNH
2018-01-29,6.3205,6.349,6.3136,6.338,CNH
2018-01-30,6.3374,6.3516,6.3197,6.3298,CNH
2018-01-31,6.3286,6.3373,6.2844,6.2992,CNH
2018-02-01,6.2982,6.3129,6.2868,6.291,CNH
2018-02-02,6.2912,6.3156,6.277,6.3129,CNH
2018-02-05,6.3126,6.3186,6.2828,6.312,CNH
2018-02-06,6.3115,6.3199,6.2754,6.2814,CNH
2018-02-07,6.2813,6.3258,6.2558,6.3199,CNH
2018-02-08,6.3209,6.3792,6.2966,6.3639,CNH
2018-02-09,6.3624,6.3729,6.3013,6.3145,CNH
2018-02-12,6.3145,6.3452,6.297,6.3238,CNH
2018-02-13,6.3247,6.3499,6.32,6.3342,CNH
2018-02-14,6.3332,6.3514,6.3071,6.3125,CNH
2018-02-15,6.3119,6.3139,6.2799,6.2818,CNH
2018-02-16,6.2818,6.3022,6.2693,6.2982,CNH
2018-02-19,6.2981,6.3103,6.2901,6.3055,CNH
2018-02-20,6.3041,6.3418,6.3026,6.3406,CNH
2018-02-21,6.3422,6.3477,6.3136,6.338,CNH
2018-02-22,6.3385,6.3556,6.328,6.3343,CNH
2018-02-23,6.3348,6.3442,6.3242,6.3275,CNH
2018-02-26,6.3273,6.3322,6.2941,6.2951,CNH
2018-02-27,6.2954,6.3286,6.2877,6.3262,CNH
2018-02-28,6.3257,6.3343,6.3197,6.3312,CNH
2018-03-01,6.3308,6.3692,6.3299,6.3479,CNH
2018-03-02,6.349,6.3674,6.3239,6.3289,CNH
2018-03-05,6.328,6.3438,6.3222,6.3349,CNH
2018-03-06,6.3355,6.3465,6.307,6.3104,CNH
2018-03-07,6.3091,6.3301,6.3076,6.3199,CNH
2018-03-08,6.319,6.3454,6.317,6.3433,CNH
2018-03-09,6.3434,6.3537,6.3205,6.3266,CNH
2018-03-12,6.3261,6.3318,6.3188,6.3246,CNH
2018-03-13,6.3243,6.3338,6.3132,6.3266,CNH
2018-03-14,6.3254,6.329,6.3,6.3069,CNH
2018-03-15,6.3069,6.3303,6.2995,6.3296,CNH
2018-03-16,6.3288,6.3345,6.3175,6.3254,CNH
2018-03-19,6.3269,6.3388,6.3174,6.3193,CNH
2018-03-20,6.3195,6.3354,6.3173,6.3336,CNH
2018-03-21,6.3332,6.3349,6.3027,6.3043,CNH
2018-03-22,6.3046,6.3414,6.303,6.3395,CNH
2018-03-23,6.3422,6.3434,6.3097,6.3126,CNH
2018-03-26,6.3101,6.3163,6.2528,6.2542,CNH
2018-03-27,6.2533,6.2771,6.2354,6.2652,CNH
2018-03-28,6.266,6.289,6.2557,6.2852,CNH
2018-03-29,6.2851,6.2975,6.2677,6.2722,CNH
2018-03-30,6.2732,6.2828,6.2626,6.2626,CNH
2018-04-02,6.2648,6.2791,6.2548,6.2693,CNH
2018-04-03,6.2684,6.2827,6.2676,6.2721,CNH
2018-04-04,6.2732,6.3134,6.2725,6.2862,CNH
2018-04-05,6.2863,6.3054,6.2771,6.2901,CNH
2018-04-06,6.2934,6.3231,6.2852,6.3133,CNH
2018-04-09,6.3122,6.3258,6.2914,6.3039,CNH
2018-04-10,6.3034,6.3085,6.2756,6.277,CNH
2018-04-11,6.2762,6.2895,6.2614,6.2736,CNH
2018-04-12,6.2734,6.2891,6.2648,6.2778,CNH
2018-04-13,6.2787,6.2934,6.2675,6.2732,CNH
2018-04-16,6.2728,6.285,6.2634,6.2665,CNH
2018-04-17,6.2662,6.2845,6.2659,6.2817,CNH
2018-04-18,6.2808,6.2883,6.2663,6.2709,CNH
2018-04-19,6.271,6.2816,6.2557,6.2774,CNH
2018-04-20,6.2768,6.2941,6.2744,6.2791,CNH
2018-04-23,6.2801,6.3121,6.2801,6.3095,CNH
2018-04-24,6.3064,6.3213,6.2916,6.2954,CNH
2018-04-25,6.2955,6.3297,6.2942,6.3221,CNH
2018-04-26,6.3222,6.3322,6.3084,6.3276,CNH
2018-04-27,6.329,6.3432,6.3191,6.32,CNH
2018-04-30,6.3193,6.3289,6.3074,6.3158,CNH
2018-05-01,6.3148,6.3402,6.3091,6.3373,CNH
2018-05-02,6.3379,6.3772,6.336,6.3747,CNH
2018-05-03,6.3744,6.3795,6.341,6.3443,CNH
2018-05-04,6.3442,6.3704,6.3417,6.3548,CNH
2018-05-07,6.3551,6.3729,6.3458,6.3599,CNH
2018-05-08,6.3609,6.3728,6.3559,6.3662,CNH
2018-05-09,6.3647,6.3841,6.3576,6.3647,CNH
2018-05-10,6.3644,6.3724,6.3251,6.329,CNH
2018-05-11,6.3282,6.3423,6.3192,6.3352,CNH
2018-05-14,6.3342,6.3383,6.3238,6.337,CNH
2018-05-15,6.3374,6.372,6.3368,6.366,CNH
2018-05-16,6.3669,6.3761,6.3457,6.3506,CNH
2018-05-17,6.3501,6.3604,6.3434,6.3577,CNH
2018-05-18,6.3585,6.3739,6.3562,6.3624,CNH
2018-05-21,6.3609,6.3884,6.3564,6.3572,CNH
2018-05-22,6.3579,6.3655,6.3468,6.3532,CNH
2018-05-23,6.3536,6.3879,6.3483,6.3774,CNH
2018-05-24,6.3769,6.3914,6.3722,6.3757,CNH
2018-05-25,6.3749,6.3911,6.3731,6.389,CNH
2018-05-28,6.3885,6.3993,6.3806,6.3971,CNH
2018-05-29,6.3965,6.4307,6.3954,6.4241,CNH
2018-05-30,6.4239,6.4334,6.4001,6.401,CNH
2018-05-31,6.4019,6.4176,6.3947,6.4091,CNH
2018-06-01,6.4076,6.4173,6.4021,6.4113,CNH
2018-06-04,6.4127,6.4201,6.396,6.4052,CNH
2018-06-05,6.405,6.4111,6.391,6.3952,CNH
2018-06-06,6.3971,6.3993,6.3766,6.3784,CNH
2018-06-07,6.3775,6.393,6.3769,6.3898,CNH
2018-06-08,6.3897,6.4096,6.3866,6.3991,CNH
2018-06-11,6.3982,6.4039,6.3931,6.3984,CNH
2018-06-12,6.3987,6.409,6.3942,6.4055,CNH
2018-06-13,6.4048,6.4091,6.3859,6.388,CNH
2018-06-14,6.3883,6.4192,6.3829,6.417,CNH
2018-06-15,6.4181,6.4415,6.4137,6.4366,CNH
2018-06-18,6.4369,6.4613,6.4359,6.4551,CNH
2018-06-19,6.4543,6.4954,6.4463,6.4771,CNH
2018-06-20,6.4768,6.4874,6.466,6.4812,CNH
2018-06-21,6.4815,6.5177,6.4746,6.5001,CNH
2018-06-22,6.4997,6.5175,6.4924,6.51,CNH
2018-06-25,6.5094,6.5578,6.5087,6.5415,CNH
2018-06-26,6.5415,6.5963,6.5381,6.5822,CNH
2018-06-27,6.5808,6.6242,6.5765,6.6177,CNH
2018-06-28,6.6187,6.6419,6.6109,6.6349,CNH
2018-06-29,6.6363,6.6535,6.6171,6.6353,CNH
2018-07-02,6.6357,6.6977,6.628,6.6853,CNH
2018-07-03,6.689,6.7336,6.6448,6.6654,CNH
2018-07-04,6.6681,6.6749,6.6149,6.643,CNH
2018-07-05,6.6433,6.6641,6.635,6.6585,CNH
2018-07-06,6.6585,6.6889,6.6509,6.6639,CNH
2018-07-09,6.6622,6.6673,6.6145,6.6224,CNH
2018-07-10,6.6222,6.6508,6.6005,6.6508,CNH
2018-07-11,6.646,6.7252,6.6438,6.7235,CNH
2018-07-12,6.7232,6.7299,6.6717,6.6928,CNH
2018-07-13,6.6944,6.727,6.6692,6.7119,CNH
2018-07-16,6.7119,6.7253,6.6836,6.7025,CNH
2018-07-17,6.7032,6.7293,6.6876,6.722,CNH
2018-07-18,6.7231,6.7598,6.7135,6.7459,CNH
2018-07-19,6.7457,6.8095,6.7382,6.7907,CNH
2018-07-20,6.792,6.837,6.7762,6.7783,CNH
2018-07-23,6.7834,6.8265,6.7588,6.806,CNH
2018-07-24,6.8033,6.8452,6.791,6.8108,CNH
2018-07-25,6.8139,6.8242,6.7557,6.7565,CNH
2018-07-26,6.7565,6.8271,6.7384,6.8267,CNH
2018-07-27,6.8262,6.8582,6.8036,6.8243,CNH
2018-07-30,6.8262,6.8501,6.8153,6.8266,CNH
2018-07-31,6.827,6.851,6.7759,6.8053,CNH
2018-08-01,6.8044,6.8476,6.8012,6.8242,CNH
2018-08-02,6.8255,6.8838,6.8163,6.8816,CNH
2018-08-03,6.8811,6.9126,6.8257,6.8476,CNH
2018-08-06,6.8479,6.8766,6.8247,6.8655,CNH
2018-08-07,6.8664,6.877,6.8176,6.8207,CNH
2018-08-08,6.8206,6.8495,6.8072,6.8254,CNH
2018-08-09,6.8243,6.8476,6.8134,6.8461,CNH
2018-08-10,6.8472,6.8764,6.8326,6.8684,CNH
2018-08-13,6.8696,6.9123,6.8686,6.8973,CNH
2018-08-14,6.8955,6.9075,6.8806,6.8998,CNH
2018-08-15,6.8994,6.9589,6.8929,6.9459,CNH
2018-08-16,6.9476,6.951,6.8552,6.8608,CNH
2018-08-17,6.8625,6.8834,6.8269,6.8346,CNH
2018-08-20,6.8358,6.8633,6.832,6.8351,CNH
2018-08-21,6.8352,6.8549,6.8206,6.8286,CNH
2018-08-22,6.8283,6.8494,6.8248,6.847,CNH
2018-08-23,6.8459,6.894,6.8429,6.894,CNH
2018-08-24,6.8951,6.8972,6.8003,6.8048,CNH
2018-08-27,6.8039,6.8167,6.7816,6.795,CNH
2018-08-28,6.7942,6.8148,6.7848,6.8014,CNH
2018-08-29,6.8002,6.8367,6.7909,6.8196,CNH
2018-08-30,6.8194,6.8769,6.8153,6.8671,CNH
2018-08-31,6.8669,6.8731,6.8278,6.8457,CNH
2018-09-03,6.8449,6.8598,6.8288,6.835,CNH
2018-09-04,6.8351,6.8641,6.822,6.85,CNH
2018-09-05,6.8495,6.8658,6.8412,6.8422,CNH
2018-09-06,6.8426,6.8602,6.8311,6.8448,CNH
2018-09-07,6.8454,6.8759,6.8255,6.8691,CNH
2018-09-10,6.8687,6.8788,6.8607,6.8694,CNH
2018-09-11,6.8669,6.8877,6.8662,6.8754,CNH
2018-09-12,6.8751,6.8895,6.8265,6.8352,CNH
2018-09-13,6.8343,6.853,6.8223,6.8451,CNH
2018-09-14,6.8455,6.8828,6.8411,6.8764,CNH
2018-09-17,6.8764,6.883,6.8566,6.87,CNH
2018-09-18,6.8695,6.8934,6.8578,6.8613,CNH
2018-09-19,6.8607,6.8702,6.8422,6.8513,CNH
2018-09-20,6.8509,6.8629,6.8313,6.8357,CNH
2018-09-21,6.8369,6.8543,6.8261,6.8494,CNH
2018-09-24,6.8552,6.8752,6.8495,6.8687,CNH
2018-09-25,6.8685,6.8731,6.8571,6.8687,CNH
2018-09-26,6.869,6.8882,6.8646,6.8782,CNH
2018-09-27,6.8777,6.8883,6.8636,6.8877,CNH
2018-09-28,6.8876,6.8887,6.8671,6.8754,CNH
2018-10-01,6.877,6.8908,6.8755,6.8879,CNH
2018-10-02,6.8874,6.9051,6.8786,6.8857,CNH
2018-10-03,6.8854,6.8995,6.8792,6.8894,CNH
2018-10-04,6.8889,6.9176,6.8879,6.8957,CNH
2018-10-05,6.8957,6.911,6.8905,6.8946,CNH
2018-10-08,6.8937,6.9376,6.8937,6.919,CNH
2018-10-09,6.9185,6.9355,6.9084,6.9165,CNH
2018-10-10,6.9169,6.936,6.9104,6.9245,CNH
2018-10-11,6.9239,6.9434,6.8674,6.8787,CNH
2018-10-12,6.8803,6.9283,6.8762,6.9219,CNH
2018-10-15,6.9223,6.9327,6.9127,6.923,CNH
2018-10-16,6.9227,6.9269,6.9058,6.9131,CNH
2018-10-17,6.9127,6.9329,6.9073,6.9303,CNH
2018-10-18,6.9314,6.9544,6.9228,6.9393,CNH
2018-10-19,6.9383,6.9485,6.9254,6.9339,CNH
2018-10-22,6.937,6.9522,6.9295,6.9374,CNH
2018-10-23,6.9365,6.9499,6.9361,6.9385,CNH
2018-10-24,6.939,6.9554,6.9375,6.9443,CNH
2018-10-25,6.9433,6.9672,6.9432,6.9561,CNH
2018-10-26,6.9561,6.9774,6.9496,6.9535,CNH
2018-10-29,6.9529,6.9762,6.951,6.9753,CNH
2018-10-30,6.9748,6.9783,6.9638,6.97,CNH
2018-10-31,6.9697,6.9799,6.968,6.9738,CNH
2018-11-01,6.9738,6.981,6.9107,6.9171,CNH
2018-11-02,6.9166,6.9306,6.8517,6.9001,CNH
2018-11-05,6.8906,6.93,6.8904,6.9133,CNH
2018-11-06,6.9112,6.9257,6.9094,6.9235,CNH
2018-11-07,6.9233,6.9398,6.9085,6.918,CNH
2018-11-08,6.9184,6.9421,6.9167,6.9411,CNH
2018-11-09,6.9427,6.9559,6.9375,6.9486,CNH
2018-11-12,6.95,6.9698,6.9443,6.9659,CNH
2018-11-13,6.9621,6.9703,6.9431,6.9463,CNH
2018-11-14,6.9467,6.9547,6.9394,6.9437,CNH
2018-11-15,6.9426,6.9459,6.915,6.9267,CNH
2018-11-16,6.9292,6.9462,6.9107,6.9208,CNH
2018-11-19,6.9205,6.9405,6.92,6.9337,CNH
2018-11-20,6.9334,6.947,6.9318,6.9451,CNH
2018-11-21,6.9462,6.9516,6.922,6.9258,CNH
2018-11-22,6.9254,6.9336,6.9203,6.9272,CNH
2018-11-23,6.9258,6.9477,6.9229,6.9447,CNH
2018-11-26,6.9424,6.9531,6.9301,6.9504,CNH
2018-11-27,6.9516,6.96,6.9348,6.9532,CNH
2018-11-28,6.9511,6.9591,6.9324,6.9406,CNH
2018-11-29,6.9392,6.9458,6.93,6.9357,CNH
2018-11-30,6.9356,6.9574,6.934,6.95,CNH
2018-12-03,6.8986,6.9276,6.8746,6.8767,CNH
2018-12-04,6.8744,6.8834,6.8259,6.8494,CNH
2018-12-05,6.851,6.8742,6.8464,6.8594,CNH
2018-12-06,6.8586,6.9079,6.8575,6.8811,CNH
2018-12-07,6.8819,6.8931,6.8673,6.8855,CNH
2018-12-10,6.8985,6.9227,6.8906,6.9146,CNH
2018-12-11,6.9146,6.9248,6.8942,6.9071,CNH
2018-12-12,6.9055,6.906,6.8679,6.8694,CNH
2018-12-13,6.8686,6.8888,6.8567,6.878,CNH
2018-12-14,6.8785,6.9126,6.8769,6.9003,CNH
2018-12-17,6.8997,6.9057,6.8922,6.9007,CNH
2018-12-18,6.9011,6.902,6.8876,6.8923,CNH
2018-12-19,6.8937,6.9082,6.8852,6.9052,CNH
2018-12-20,6.9059,6.9157,6.8828,6.8939,CNH
2018-12-21,6.8942,6.9248,6.8866,6.924,CNH
2018-12-24,6.9219,6.9231,6.8989,6.9028,CNH
2018-12-25,6.9023,6.9081,6.8893,6.8945,CNH
2018-12-26,6.8945,6.9012,6.8846,6.8949,CNH
2018-12-27,6.8941,6.9017,6.8726,6.8746,CNH
2018-12-28,6.8761,6.8896,6.8642,6.8819,CNH
2018-12-31,6.8813,6.887,6.8663,6.8702,CNH
2019-01-01,6.8721,6.8722,6.87,6.87,CNH
2019-01-02,6.8689,6.8839,6.8592,6.8796,CNH
2019-01-03,6.8794,6.8955,6.8759,6.883,CNH
2019-01-04,6.8822,6.8855,6.8648,6.866,CNH
2019-01-07,6.8654,6.8667,6.8452,6.8464,CNH
2019-01-08,6.8472,6.8707,6.8442,6.8547,CNH
2019-01-09,6.8534,6.8547,6.8069,6.8126,CNH
2019-01-10,6.8126,6.8263,6.7813,6.7935,CNH
2019-01-11,6.7936,6.7968,6.7379,6.7605,CNH
2019-01-14,6.76,6.7774,6.739,6.763,CNH
2019-01-15,6.7629,6.7883,6.7439,6.7738,CNH
2019-01-16,6.7746,6.7867,6.7595,6.762,CNH
2019-01-17,6.7615,6.7952,6.7538,6.7754,CNH
2019-01-18,6.7754,6.8114,6.7739,6.8034,CNH
2019-01-21,6.8032,6.8098,6.7918,6.8008,CNH
2019-01-22,6.8008,6.8197,6.7988,6.8158,CNH
2019-01-23,6.8177,6.8181,6.7865,6.7938,CNH
2019-01-24,6.793,6.8105,6.78,6.795,CNH
2019-01-25,6.7948,6.8003,6.7526,6.7528,CNH
2019-01-28,6.7518,6.7618,6.7345,6.7552,CNH
2019-01-29,6.7547,6.766,6.7462,6.7473,CNH
2019-01-30,6.75,6.7511,6.7034,6.7126,CNH
2019-01-31,6.7102,6.725,6.7025,6.7094,CNH
2019-02-01,6.7085,6.7576,6.7043,6.7569,CNH
2019-02-04,6.7552,6.7858,6.7503,6.7781,CNH
2019-02-05,6.7784,6.7841,6.7533,6.763,CNH
2019-02-06,6.7628,6.7802,6.7561,6.7778,CNH
2019-02-07,6.7787,6.7858,6.7696,6.7843,CNH
2019-02-08,6.7843,6.7955,6.7751,6.7856,CNH
2019-02-11,6.786,6.8041,6.765,6.8001,CNH
2019-02-12,6.8,6.8098,6.7731,6.7736,CNH
2019-02-13,6.7736,6.7859,6.7586,6.7833,CNH
2019-02-14,6.7828,6.79,6.7641,6.779,CNH
2019-02-15,6.7786,6.7947,6.7686,6.7706,CNH
2019-02-18,6.7717,6.7774,6.7617,6.7737,CNH
2019-02-19,6.7734,6.7857,6.7425,6.7456,CNH
2019-02-20,6.7461,6.7473,6.7082,6.7186,CNH
2019-02-21,6.7206,6.732,6.6894,6.7268,CNH
2019-02-22,6.7263,6.7354,6.7015,6.7024,CNH
2019-02-25,6.7046,6.7046,6.6748,6.6834,CNH
2019-02-26,6.683,6.7061,6.6783,6.6864,CNH
2019-02-27,6.6864,6.6944,6.6757,6.6819,CNH
2019-02-28,6.6821,6.7038,6.6746,6.7034,CNH
2019-03-01,6.7041,6.7205,6.6929,6.7138,CNH
2019-03-04,6.6988,6.7135,6.6873,6.7067,CNH
2019-03-05,6.707,6.7131,6.6995,6.7051,CNH
2019-03-06,6.7054,6.7281,6.702,6.7167,CNH
2019-03-07,6.7169,6.7363,6.7121,6.7337,CNH
2019-03-08,6.7351,6.7388,6.7261,6.7302,CNH
2019-03-11,6.7302,6.7351,6.7276,6.7322,CNH
2019-03-12,6.7327,6.7337,6.7064,6.7066,CNH
2019-03-13,6.7064,6.7214,6.6998,6.7012,CNH
2019-03-14,6.7012,6.7359,6.7001,6.7218,CNH
2019-03-15,6.7226,6.7339,6.7111,6.7134,CNH
2019-03-18,6.7124,6.7245,6.7103,6.7207,CNH
2019-03-19,6.7221,6.7248,6.7125,6.7176,CNH
2019-03-20,6.7184,6.7237,6.6783,6.6875,CNH
2019-03-21,6.6867,6.7174,6.6704,6.7071,CNH
2019-03-22,6.7077,6.7294,6.7012,6.7236,CNH
2019-03-25,6.7253,6.7314,6.7118,6.7171,CNH
2019-03-26,6.7167,6.7245,6.7066,6.7234,CNH
2019-03-27,6.722,6.7401,6.7153,6.7382,CNH
2019-03-28,6.739,6.7509,6.7295,6.7396,CNH
2019-03-29,6.7399,6.7428,6.7121,6.7234,CNH
2019-04-01,6.7165,6.7241,6.7062,6.7191,CNH
2019-04-02,6.719,6.7327,6.7173,6.7262,CNH
2019-04-03,6.7259,6.7279,6.7072,6.7143,CNH
2019-04-04,6.7135,6.7259,6.71,6.7168,CNH
2019-04-05,6.7167,6.7194,6.7033,6.7122,CNH
2019-04-08,6.71,6.7278,6.7082,6.7173,CNH
2019-04-09,6.7172,6.7241,6.7127,6.7195,CNH
2019-04-10,6.7188,6.727,6.7164,6.7187,CNH
2019-04-11,6.7193,6.7311,6.7171,6.7281,CNH
2019-04-12,6.7294,6.7317,6.7044,6.7092,CNH
2019-04-15,6.7081,6.7138,6.7039,6.7076,CNH
2019-04-16,6.7082,6.7166,6.7056,6.7141,CNH
2019-04-17,6.7125,6.7147,6.6754,6.6767,CNH
2019-04-18,6.6783,6.7122,6.6775,6.7073,CNH
2019-04-19,6.7069,6.7092,6.6989,6.702,CNH
2019-04-22,6.7055,6.7199,6.7,6.7121,CNH
2019-04-23,6.7116,6.7309,6.7107,6.7291,CNH
2019-04-24,6.7292,6.7396,6.7195,6.7345,CNH
2019-04-25,6.7344,6.7607,6.7321,6.75,CNH
2019-04-26,6.75,6.7513,6.7283,6.7404,CNH
2019-04-29,6.7401,6.7451,6.7323,6.7388,CNH
2019-04-30,6.739,6.7493,6.7354,6.7367,CNH
2019-05-01,6.7373,6.7423,6.718,6.7327,CNH
2019-05-02,6.7332,6.7487,6.7254,6.7458,CNH
2019-05-03,6.7467,6.7534,6.734,6.7346,CNH
2019-05-06,6.735,6.8235,6.7345,6.7737,CNH
2019-05-07,6.7725,6.8031,6.7721,6.795,CNH
2019-05-08,6.7951,6.8107,6.7809,6.8081,CNH
2019-05-09,6.8085,6.8649,6.802,6.8377,CNH
2019-05-10,6.8388,6.8666,6.8189,6.8438,CNH
2019-05-13,6.8473,6.9192,6.8473,6.9122,CNH
2019-05-14,6.9127,6.9205,6.8879,6.9042,CNH
2019-05-15,6.9032,6.9185,6.8942,6.9045,CNH
2019-05-16,6.9055,6.934,6.9034,6.9284,CNH
2019-05-17,6.9263,6.9496,6.921,6.9482,CNH
2019-05-20,6.9479,6.95,6.9256,6.9401,CNH
2019-05-21,6.9392,6.9474,6.9207,6.9338,CNH
2019-05-22,6.9334,6.9415,6.9235,6.9339,CNH
2019-05-23,6.9347,6.9445,6.9261,6.927,CNH
2019-05-24,6.9272,6.9363,6.911,6.917,CNH
2019-05-27,6.917,6.918,6.8991,6.9089,CNH
2019-05-28,6.9081,6.9321,6.9052,6.9215,CNH
2019-05-29,6.9211,6.9397,6.92,6.933,CNH
2019-05-30,6.9335,6.9348,6.9219,6.9293,CNH
2019-05-31,6.9287,6.9482,6.9228,6.9367,CNH
2019-06-03,6.9361,6.9436,6.9149,6.9192,CNH
2019-06-04,6.9226,6.9349,6.9157,6.9211,CNH
2019-06-05,6.9219,6.9346,6.9171,6.928,CNH
2019-06-06,6.9275,6.9343,6.9236,6.9282,CNH
2019-06-07,6.9259,6.9628,6.9227,6.944,CNH
2019-06-10,6.9438,6.9597,6.9382,6.9436,CNH
2019-06-11,6.9451,6.9505,6.9223,6.9261,CNH
2019-06-12,6.9253,6.9356,6.9173,6.928,CNH
2019-06-13,6.9268,6.9362,6.9246,6.9288,CNH
2019-06-14,6.9287,6.9379,6.9277,6.9295,CNH
2019-06-17,6.9296,6.9356,6.9283,6.931,CNH
2019-06-18,6.9305,6.9406,6.8975,6.9026,CNH
2019-06-19,6.9029,6.912,6.889,6.8953,CNH
2019-06-20,6.8944,6.8978,6.8482,6.8612,CNH
2019-06-21,6.8639,6.883,6.8393,6.8652,CNH
2019-06-24,6.8659,6.8876,6.8579,6.8765,CNH
2019-06-25,6.877,6.8912,6.8625,6.8846,CNH
2019-06-26,6.8844,6.8921,6.8665,6.888,CNH
2019-06-27,6.8876,6.8887,6.8703,6.8712,CNH
2019-06-28,6.8703,6.8796,6.8611,6.8686,CNH
2019-07-01,6.8316,6.8659,6.8167,6.8578,CNH
2019-07-02,6.858,6.8896,6.8509,6.8878,CNH
2019-07-03,6.8885,6.9018,6.8816,6.8845,CNH
2019-07-04,6.8845,6.8863,6.8709,6.8746,CNH
2019-07-05,6.8735,6.8998,6.872,6.8948,CNH
2019-07-08,6.8942,6.8995,6.8837,6.8873,CNH
2019-07-09,6.8876,6.8978,6.8826,6.8956,CNH
2019-07-10,6.8953,6.8966,6.87,6.8728,CNH
2019-07-11,6.8724,6.8783,6.8611,6.8767,CNH
2019-07-12,6.876,6.8862,6.8717,6.8788,CNH
2019-07-15,6.8791,6.8872,6.871,6.8738,CNH
2019-07-16,6.8737,6.8837,6.8697,6.8816,CNH
2019-07-17,6.8816,6.885,6.873,6.8773,CNH
2019-07-18,6.8796,6.8886,6.8731,6.874,CNH
2019-07-19,6.8741,6.8875,6.872,6.8834,CNH
2019-07-22,6.8825,6.8844,6.8757,6.8842,CNH
2019-07-23,6.8854,6.8879,6.8805,6.8851,CNH
2019-07-24,6.8849,6.8872,6.8713,6.8761,CNH
2019-07-25,6.878,6.8803,6.8694,6.8738,CNH
2019-07-26,6.8731,6.8849,6.8708,6.8821,CNH
2019-07-29,6.8838,6.9021,6.8792,6.8929,CNH
2019-07-30,6.8933,6.896,6.8834,6.8895,CNH
2019-07-31,6.8902,6.9168,6.8862,6.9094,CNH
2019-08-01,6.9101,6.9688,6.9029,6.9555,CNH
2019-08-02,6.9555,6.9812,6.9509,6.9764,CNH
2019-08-05,6.9768,7.1095,6.9741,7.0991,CNH
2019-08-06,7.1,7.1413,7.0421,7.0539,CNH
2019-08-07,7.0555,7.0998,7.0536,7.0841,CNH
2019-08-08,7.0819,7.1037,7.062,7.0773,CNH
2019-08-09,7.0781,7.1095,7.0716,7.0977,CNH
2019-08-12,7.0995,7.1129,7.0877,7.1026,CNH
2019-08-13,7.1044,7.109,6.9955,7.0113,CNH
2019-08-14,7.0114,7.0592,7.0114,7.0551,CNH
2019-08-15,7.0529,7.0648,7.0293,7.0489,CNH
2019-08-16,7.0488,7.0592,7.0426,7.0429,CNH
2019-08-19,7.0504,7.0775,7.0421,7.0748,CNH
2019-08-20,7.0744,7.0771,7.0659,7.0709,CNH
2019-08-21,7.071,7.0744,7.0551,7.0673,CNH
2019-08-22,7.0674,7.1001,7.0662,7.0894,CNH
2019-08-23,7.0904,7.1403,7.0844,7.1351,CNH
2019-08-26,7.1348,7.1868,7.1348,7.168,CNH
2019-08-27,7.1681,7.1816,7.151,7.1666,CNH
2019-08-28,7.1669,7.1771,7.1563,7.17,CNH
2019-08-29,7.1696,7.179,7.141,7.1437,CNH
2019-08-30,7.143,7.1704,7.1402,7.1618,CNH
2019-09-02,7.1617,7.1967,7.1617,7.1925,CNH
2019-09-03,7.1935,7.1979,7.1764,7.178,CNH
2019-09-04,7.1777,7.1787,7.1447,7.1471,CNH
2019-09-05,7.1457,7.1506,7.1205,7.1378,CNH
2019-09-06,7.1375,7.1516,7.0955,7.1057,CNH
2019-09-09,7.1072,7.1329,7.1057,7.1179,CNH
2019-09-10,7.1169,7.1245,7.098,7.1095,CNH
2019-09-11,7.1104,7.1213,7.1041,7.1087,CNH
2019-09-12,7.1094,7.1101,7.0526,7.0686,CNH
2019-09-13,7.0686,7.0696,7.0313,7.0464,CNH
2019-09-16,7.0469,7.0705,7.045,7.0618,CNH
2019-09-17,7.0625,7.0983,7.0617,7.0861,CNH
2019-09-18,7.0862,7.0904,7.0721,7.0834,CNH
2019-09-19,7.0842,7.1082,7.0808,7.1029,CNH
2019-09-20,7.1026,7.1329,7.0769,7.1211,CNH
2019-09-23,7.1208,7.1265,7.0976,7.1098,CNH
2019-09-24,7.1101,7.1197,7.0986,7.106,CNH
2019-09-25,7.1071,7.1364,7.1059,7.128,CNH
2019-09-26,7.1282,7.1355,7.1176,7.1241,CNH
2019-09-27,7.1242,7.1514,7.1135,7.137,CNH
2019-09-30,7.1387,7.1523,7.1198,7.1415,CNH
2019-10-01,7.1403,7.1568,7.1341,7.146,CNH
2019-10-02,7.1463,7.1588,7.1424,7.1459,CNH
2019-10-03,7.1461,7.1501,7.1251,7.1284,CNH
2019-10-04,7.1278,7.1311,7.1068,7.1121,CNH
2019-10-07,7.112,7.1401,7.112,7.1343,CNH
2019-10-08,7.1344,7.1678,7.1188,7.164,CNH
2019-10-09,7.1645,7.1683,7.1254,7.1381,CNH
2019-10-10,7.139,7.1692,7.0998,7.104,CNH
2019-10-11,7.1032,7.1145,7.0706,7.0878,CNH
2019-10-14,7.0869,7.0953,7.0503,7.0693,CNH
2019-10-15,7.0701,7.0909,7.063,7.0837,CNH
2019-10-16,7.0826,7.1134,7.0819,7.0991,CNH
2019-10-17,7.0986,7.1082,7.067,7.0812,CNH
2019-10-18,7.0811,7.0888,7.0695,7.0716,CNH
2019-10-21,7.0718,7.0782,7.0627,7.0699,CNH
2019-10-22,7.07,7.0839,7.0654,7.0767,CNH
2019-10-23,7.0751,7.0864,7.0597,7.0611,CNH
2019-10-24,7.0617,7.0752,7.0531,7.0731,CNH
2019-10-25,7.0721,7.0751,7.0491,7.0511,CNH
2019-10-28,7.0529,7.0678,7.0466,7.0641,CNH
2019-10-29,7.0636,7.0691,7.0532,7.0653,CNH
2019-10-30,7.0659,7.0712,7.044,7.0448,CNH
2019-10-31,7.0449,7.0555,7.0303,7.046,CNH
2019-11-01,7.0478,7.0539,7.0375,7.042,CNH
2019-11-04,7.0415,7.043,7.0236,7.0329,CNH
2019-11-05,7.0334,7.0365,6.9882,7.0027,CNH
2019-11-06,7.0019,7.0193,6.9874,7.012,CNH
2019-11-07,7.0115,7.0206,6.9524,6.9716,CNH
2019-11-08,6.9721,7.0055,6.9665,6.9877,CNH
2019-11-11,6.9911,7.0149,6.9882,7.0073,CNH
2019-11-12,7.0066,7.0251,6.9922,7.0242,CNH
2019-11-13,7.0248,7.0385,7.0137,7.03,CNH
2019-11-14,7.0305,7.0338,7.018,7.0188,CNH
2019-11-15,7.018,7.0239,7.0012,7.005,CNH
2019-11-18,7.0058,7.0335,7.0046,7.0258,CNH
2019-11-19,7.0256,7.0335,7.0205,7.0275,CNH
2019-11-20,7.0286,7.0514,7.0252,7.0395,CNH
2019-11-21,7.0405,7.0559,7.0255,7.0327,CNH
2019-11-22,7.0302,7.0495,7.0267,7.0426,CNH
2019-11-25,7.0441,7.0441,7.0286,7.0312,CNH
2019-11-26,7.0302,7.0428,7.0094,7.0122,CNH
2019-11-27,7.0138,7.0289,7.0128,7.0162,CNH
2019-11-28,7.0156,7.0365,7.0134,7.0302,CNH
2019-11-29,7.0311,7.0386,7.0218,7.031,CNH
2019-12-02,7.0314,7.0467,7.0261,7.0432,CNH
2019-12-03,7.0441,7.0883,7.0359,7.0685,CNH
2019-12-04,7.0683,7.0817,7.047,7.0526,CNH
2019-12-05,7.0525,7.059,7.0374,7.0413,CNH
2019-12-06,7.0418,7.052,7.0214,7.0241,CNH
2019-12-09,7.0235,7.0424,7.019,7.0366,CNH
2019-12-10,7.0381,7.0431,7.0267,7.0281,CNH
2019-12-11,7.028,7.0423,7.0267,7.0279,CNH
2019-12-12,7.0281,7.0427,6.9226,6.9432,CNH
2019-12-13,6.9435,7.0261,6.9268,7.0034,CNH
2019-12-16,7.0037,7.0089,6.9866,6.9915,CNH
2019-12-17,6.9925,7.0103,6.9897,6.9997,CNH
2019-12-18,7.0,7.0095,6.9931,7.0028,CNH
2019-12-19,7.0026,7.0076,6.9916,6.9991,CNH
2019-12-20,7.0005,7.0139,6.9964,7.0009,CNH
2019-12-23,7.0011,7.014,6.9991,7.0081,CNH
2019-12-24,7.008,7.0146,7.0025,7.0028,CNH
2019-12-25,7.0047,7.008,6.9852,6.9954,CNH
2019-12-26,6.9955,7.0014,6.9869,6.9915,CNH
2019-12-27,6.9922,7.0004,6.9912,6.9918,CNH
2019-12-30,6.9908,6.9954,6.976,6.9847,CNH
2019-12-31,6.9848,6.9865,6.9591,6.9606,CNH
2020-01-01,6.9597,6.9664,6.959,6.9655,CNH
2020-01-02,6.9666,6.9736,6.9573,6.9588,CNH
2020-01-03,6.9581,6.9748,6.9566,6.9644,CNH
2020-01-06,6.9678,6.979,6.9631,6.9701,CNH
2020-01-07,6.9707,6.9711,6.93,6.9425,CNH
2020-01-08,6.9402,6.9656,6.9324,6.9366,CNH
2020-01-09,6.9362,6.939,6.917,6.925,CNH
2020-01-10,6.9251,6.9351,6.9106,6.9138,CNH
2020-01-13,6.9142,6.9174,6.8811,6.8823,CNH
2020-01-14,6.8817,6.8936,6.8668,6.8895,CNH
2020-01-15,6.8886,6.9062,6.8849,6.8913,CNH
2020-01-16,6.8915,6.896,6.8718,6.8763,CNH
2020-01-17,6.8761,6.8828,6.8577,6.8665,CNH
2020-01-20,6.8628,6.8749,6.8459,6.8673,CNH
2020-01-21,6.8662,6.9127,6.8632,6.9094,CNH
2020-01-22,6.909,6.9185,6.8953,6.9093,CNH
2020-01-23,6.9102,6.9429,6.9063,6.9288,CNH
2020-01-24,6.9294,6.9401,6.9211,6.929,CNH
2020-01-27,6.9416,6.9915,6.9396,6.9861,CNH
2020-01-28,6.9856,6.9892,6.9649,6.9658,CNH
2020-01-29,6.9666,6.9711,6.9535,6.97,CNH
2020-01-30,6.9698,7.0046,6.9673,6.983,CNH
2020-01-31,6.9823,7.0082,6.9724,7.0019,CNH
